study_hours_per_day,attendance_percentage,previous_exam_score,sleep_hours,extracurricular_activities,internet_access,tutoring,parental_education_level,study_environment,daily_screen_time,final_exam_score
4.9,89.3,36.4,5.3,0,1,1,1,0,1.8,72.7
3.8,73.4,52.1,4.7,0,1,1,0,1,4.5,70.0
5.2,70.2,58.8,4.4,0,1,0,0,1,5.5,54.0
6.7,80.0,93.3,7.0,0,1,1,2,1,5.7,90.0
3.6,78.0,73.3,6.2,1,1,0,1,1,5.1,73.8
3.6,74.6,45.0,7.0,0,1,0,2,0,3.0,66.9
6.8,88.4,72.3,7.4,0,1,0,3,1,5.4,87.9
5.4,91.5,41.8,6.8,0,1,0,0,1,4.6,74.8
3.2,81.1,81.2,7.4,0,1,1,1,0,4.3,72.2
5.0,97.7,57.9,6.4,1,1,1,2,1,2.8,87.7
3.2,66.3,63.6,5.0,1,1,0,2,0,3.0,71.4
3.2,77.7,84.9,7.9,0,1,0,2,0,4.1,81.3
4.4,71.4,45.7,5.7,1,1,0,1,1,8.9,54.1
0.6,57.6,44.0,5.3,1,1,0,1,0,4.6,35.1
0.9,79.0,56.2,6.3,0,1,0,1,1,2.8,55.8
3.0,78.5,80.6,5.3,1,1,1,3,1,2.3,82.5
2.2,98.2,42.2,6.0,0,1,1,1,1,3.0,64.7
4.6,87.6,22.5,6.9,1,1,0,3,1,8.4,72.2
2.4,67.7,58.2,7.0,1,1,1,1,1,3.2,68.1
1.5,100.0,73.3,5.3,0,1,0,3,0,5.8,72.6
6.6,94.7,83.0,5.9,1,1,0,2,1,3.2,90.9
3.6,87.0,58.1,7.9,1,1,0,1,1,4.5,81.0
4.1,77.3,58.8,7.1,0,1,0,2,0,5.6,51.9
1.4,68.5,82.3,9.2,1,1,1,1,0,2.9,74.6
3.0,75.5,37.0,8.0,0,1,0,1,0,2.7,65.2
4.2,93.1,59.2,8.0,1,1,0,0,1,7.3,70.7
1.9,100.0,67.9,4.7,1,1,0,0,1,6.0,74.4
4.7,98.5,71.7,7.5,0,1,1,1,1,5.6,86.0
2.9,74.1,57.4,6.4,0,1,0,2,1,5.6,64.4
3.5,66.6,65.5,5.8,1,1,1,2,1,4.9,73.1
2.9,81.7,27.7,6.7,0,1,1,0,1,8.0,72.7
7.3,58.8,55.1,7.7,0,1,0,3,1,4.1,90.1
4.0,83.9,71.8,7.2,0,1,0,2,1,5.2,82.0
2.1,78.2,50.3,5.4,0,0,1,3,1,1.1,62.4
5.5,74.4,65.9,7.5,0,1,0,2,1,2.4,83.8
1.8,60.9,71.7,5.7,0,1,1,0,1,1.6,57.2
4.4,86.2,59.9,6.8,0,1,0,1,1,6.5,77.3
0.5,73.6,67.6,6.1,1,1,0,2,1,0.0,66.1
1.6,66.0,50.6,6.2,0,1,1,0,1,3.2,48.4
4.4,45.5,61.9,7.5,0,1,1,0,1,0.0,69.2
5.3,79.7,74.2,5.1,0,1,1,0,1,2.3,77.4
4.3,100.0,67.4,9.0,1,1,0,1,1,3.0,88.4
3.8,99.9,56.2,4.1,0,1,1,1,1,6.8,68.0
3.5,74.5,68.4,5.7,0,1,1,1,0,4.8,68.7
1.3,72.8,75.7,7.0,0,0,1,0,0,2.3,65.9
2.7,85.6,34.3,7.3,1,1,0,2,1,6.1,61.8
3.2,68.0,82.4,6.4,1,0,0,1,1,4.0,67.7
5.9,83.6,60.0,6.4,1,0,1,1,1,4.1,84.2
4.6,89.2,71.4,7.0,1,1,0,0,1,1.6,87.8
0.8,94.7,83.0,6.2,1,1,0,0,1,2.0,65.0
4.6,78.8,44.4,8.3,0,1,0,1,0,2.3,72.1
3.3,77.6,54.4,7.6,1,1,0,0,0,4.1,71.8
2.8,69.5,60.7,7.6,0,1,0,1,1,4.2,67.3
5.1,70.1,53.2,5.2,1,1,0,2,0,7.1,66.7
5.9,77.3,91.0,6.4,1,1,1,1,1,4.8,95.0
5.7,84.4,52.1,6.1,0,1,0,0,1,0.0,83.0
2.5,91.0,56.7,5.2,0,1,0,1,1,4.5,70.5
3.4,70.4,68.1,7.0,0,1,0,2,1,1.1,62.4
4.6,97.9,47.0,5.8,1,1,0,3,1,2.1,74.6
5.8,76.7,59.1,7.4,1,0,0,2,0,2.4,85.9
3.1,79.7,69.8,5.1,1,1,1,1,1,2.7,66.1
3.7,71.0,60.0,8.7,0,1,0,1,1,1.2,75.5
2.0,50.9,63.6,5.3,1,1,1,1,0,4.4,52.0
1.8,90.6,57.1,6.8,1,1,0,3,0,1.2,66.4
5.5,88.8,42.3,7.5,1,0,0,0,0,4.7,72.6
6.4,76.6,69.8,5.8,0,0,0,3,0,8.5,77.8
3.9,80.8,91.3,7.6,0,1,0,2,1,1.3,100.0
5.8,86.2,65.3,4.9,1,0,1,2,1,3.4,82.7
4.7,61.2,68.4,8.4,1,1,1,0,1,0.0,88.6
2.8,73.7,75.4,6.5,1,1,0,2,1,3.4,75.4
4.7,89.5,46.0,5.7,0,1,0,1,1,5.3,67.0
6.8,64.9,90.5,6.1,0,0,0,0,1,5.4,85.4
3.9,83.5,68.0,7.6,1,1,0,1,1,4.2,80.5
6.8,63.7,89.5,5.7,0,1,1,3,1,5.8,90.8
0.0,85.6,54.0,5.5,1,0,0,1,1,9.1,48.2
5.5,79.6,92.3,6.2,0,1,1,1,1,7.4,82.0
4.2,60.6,76.6,5.0,0,1,0,0,1,3.0,63.0
3.5,94.0,73.3,8.9,1,1,0,2,0,1.1,90.4
4.2,71.2,68.5,5.8,1,1,0,2,1,3.2,74.4
0.4,70.3,61.3,7.6,0,0,0,2,1,2.1,56.7
3.6,82.4,83.0,6.8,0,1,1,1,0,4.9,78.8
4.6,93.8,67.1,5.2,1,1,0,1,1,1.6,85.7
6.7,67.8,35.5,6.5,0,1,1,1,1,3.9,65.7
3.1,80.7,48.2,7.5,1,0,0,0,0,5.7,65.8
2.5,85.1,62.2,6.3,0,1,1,3,1,3.8,75.8
3.1,88.3,69.6,8.1,1,1,0,1,0,2.1,75.5
5.6,82.1,64.2,7.8,1,1,1,1,1,6.3,85.7
4.6,75.6,83.3,7.7,1,0,1,1,0,0.2,87.1
3.0,70.1,35.7,5.9,0,1,1,2,1,3.3,66.5
4.9,81.0,67.2,5.1,1,1,0,0,0,3.9,76.4
4.2,67.1,37.7,5.7,0,1,1,1,0,4.0,65.0
5.7,44.9,76.4,6.8,0,1,0,2,0,4.4,78.8
2.7,85.2,63.6,7.2,1,1,0,1,1,5.2,74.9
3.4,90.8,71.3,3.7,1,1,0,2,1,3.9,75.9
3.3,51.6,52.0,6.5,1,1,0,0,1,3.3,49.6
1.4,67.9,84.2,6.7,0,1,1,2,1,3.2,80.0
4.5,87.4,80.6,6.1,0,1,0,0,1,2.8,79.8
4.5,100.0,73.8,8.2,0,0,0,0,0,5.6,74.9
4.0,80.2,63.1,7.0,1,1,0,3,1,2.7,70.2
3.6,71.3,73.7,8.2,1,1,0,1,0,5.7,71.5
1.5,77.8,54.4,6.2,0,1,0,1,1,4.0,59.1
3.2,96.5,77.8,7.7,1,1,0,0,1,3.0,72.0
3.4,72.2,89.7,8.6,0,1,0,2,1,5.2,80.8
2.6,70.4,81.1,8.2,0,1,0,1,0,2.5,66.9
3.7,74.2,54.1,5.1,0,0,1,3,1,5.3,84.7
4.7,68.6,70.4,6.2,0,1,1,3,0,4.4,74.2
7.4,81.5,45.6,6.1,0,0,1,2,0,2.8,81.1
4.3,99.5,73.6,7.1,1,1,0,1,0,5.1,76.6
4.5,83.9,71.8,7.4,0,1,0,1,1,5.1,85.7
3.9,77.0,37.0,5.4,1,1,0,2,1,6.3,60.3
0.5,76.5,47.6,6.6,0,1,0,0,1,5.9,42.9
4.0,61.2,60.8,3.9,1,0,0,1,0,5.0,62.2
4.1,90.6,60.5,8.4,1,0,0,0,1,1.7,69.8
8.4,79.1,46.9,5.8,1,1,0,0,1,8.9,81.6
3.7,77.8,70.8,6.6,0,1,0,0,0,1.2,82.4
4.5,100.0,68.8,6.1,1,1,1,1,0,5.9,85.7
3.9,83.6,62.1,8.0,1,1,0,2,1,4.9,80.9
1.9,71.0,53.7,3.0,0,1,0,1,1,1.7,62.0
6.1,74.9,80.7,6.5,0,1,0,1,1,3.8,95.2
5.4,93.8,89.8,6.4,0,1,0,0,1,3.8,96.3
5.4,81.4,57.7,5.9,1,1,0,1,0,6.6,74.7
2.4,62.7,55.8,8.7,0,1,0,1,0,2.6,64.6
6.5,91.0,72.4,5.3,0,1,0,2,1,3.5,85.7
1.5,72.0,59.6,7.5,0,0,1,3,1,0.0,74.4
5.1,100.0,62.9,7.0,0,1,1,0,1,7.5,74.7
7.9,93.0,76.1,8.1,1,1,0,0,1,1.9,98.8
2.2,74.6,36.4,5.6,0,1,0,1,1,4.7,34.5
3.0,95.4,84.8,5.5,1,1,0,3,0,3.8,85.0
4.2,80.8,66.1,7.9,1,0,1,2,1,3.8,77.0
3.1,90.2,58.8,7.1,0,0,0,3,1,5.6,78.5
1.2,85.8,63.7,4.5,1,1,0,1,0,7.3,57.7
4.1,69.8,64.4,5.8,0,1,0,3,1,4.5,79.3
2.1,72.3,39.0,7.0,1,1,0,0,0,5.3,43.6
4.9,92.4,87.4,7.6,0,1,1,0,0,4.7,92.6
2.3,76.0,65.6,5.6,1,1,0,3,1,6.0,79.5
6.8,75.2,71.6,3.0,0,1,0,3,1,3.1,91.3
2.6,68.5,79.3,7.2,0,1,0,0,0,6.2,65.3
3.4,85.1,49.7,4.9,1,1,0,0,1,6.2,63.3
5.5,100.0,72.1,3.9,0,1,1,0,1,6.2,80.3
1.8,67.2,61.0,3.0,1,1,1,0,1,2.7,62.7
4.4,80.3,77.7,7.6,0,0,0,0,1,3.7,66.9
6.4,96.9,33.1,6.7,1,1,0,3,0,4.5,79.8
1.1,79.0,63.5,6.2,0,0,0,2,0,1.3,50.2
4.3,85.4,56.0,8.3,1,1,0,2,0,7.2,68.2
4.5,67.3,71.5,7.3,0,1,0,2,0,4.0,77.0
5.4,85.1,72.1,8.6,0,1,0,1,0,4.6,84.8
1.8,77.8,54.4,4.7,0,1,0,2,0,2.8,59.3
1.6,91.8,54.3,6.5,1,1,0,1,1,1.3,69.8
4.9,94.2,63.3,4.4,0,1,0,1,1,2.8,69.1
4.5,100.0,51.6,6.2,1,0,1,1,1,4.4,77.4
4.5,87.0,77.6,6.2,1,1,0,1,0,5.3,74.2
4.6,83.9,59.5,7.3,0,0,1,2,1,4.3,74.9
2.8,82.3,21.4,6.6,1,1,0,3,0,4.7,61.8
4.4,75.8,59.4,7.3,0,1,0,1,1,3.3,68.1
4.5,84.1,49.4,7.4,0,1,1,2,0,5.0,70.6
2.7,76.5,40.5,9.3,1,1,0,0,1,7.0,44.9
7.4,82.0,46.4,6.1,1,1,1,2,1,5.4,85.0
4.9,95.8,66.6,5.3,1,0,0,1,1,5.6,72.3
1.9,67.9,84.9,6.8,0,1,0,0,0,4.6,61.2
5.2,93.7,69.7,5.5,0,1,0,1,1,1.0,81.3
2.2,95.8,55.9,8.4,0,0,0,2,1,1.9,73.8
5.4,78.6,71.8,6.1,1,1,0,0,0,4.9,74.7
6.1,54.5,58.1,5.8,0,1,0,3,1,4.0,84.4
2.5,72.7,54.6,5.9,1,1,0,0,1,4.9,61.4
5.7,95.6,47.7,7.4,0,1,0,3,1,7.4,70.3
4.7,79.7,38.7,6.3,0,1,0,2,1,5.5,60.3
5.5,68.0,59.2,5.7,0,1,0,1,1,6.5,69.5
7.4,73.9,67.4,8.7,0,1,0,1,1,4.2,82.4
3.6,90.1,63.6,5.4,0,1,0,2,1,2.4,59.6
2.6,86.6,58.8,6.5,1,1,1,2,1,3.9,82.4
2.4,77.1,50.8,7.3,1,0,1,2,1,2.4,72.9
2.5,75.6,74.1,4.4,0,0,0,1,1,7.1,62.6
3.9,75.3,45.2,7.1,0,1,1,1,1,5.6,62.9
4.6,68.9,76.6,5.1,0,1,0,3,0,5.0,76.7
4.5,99.4,50.0,7.6,1,1,1,0,1,6.5,73.4
5.5,76.1,53.7,5.2,0,0,1,1,0,0.0,78.0
4.0,94.6,43.0,7.4,1,1,1,1,0,5.2,67.4
6.6,98.3,57.5,7.9,0,1,0,2,0,1.4,100.0
3.5,92.0,79.6,7.6,0,1,0,2,1,4.0,73.4
8.9,74.8,72.7,6.8,1,1,0,1,0,3.4,100.0
5.1,84.8,79.7,6.2,0,1,1,0,1,5.3,82.7
2.5,79.7,72.8,5.8,1,1,0,0,1,4.5,63.8
2.1,69.2,48.4,8.4,0,1,1,1,0,6.7,56.3
4.9,83.9,60.0,5.6,0,1,0,1,0,2.8,79.1
3.6,65.9,53.3,5.2,0,1,1,3,1,5.4,75.2
5.3,94.3,85.0,7.4,1,1,0,1,1,4.3,93.4
4.9,74.4,47.0,5.5,1,1,0,1,1,0.7,68.7
3.9,82.4,78.4,5.3,0,1,0,3,1,2.2,83.1
2.5,83.4,78.4,4.6,1,1,0,1,1,3.7,82.6
1.3,76.9,92.4,5.9,0,1,0,1,1,6.2,73.3
3.2,87.0,58.9,6.4,0,1,1,0,1,4.9,75.2
5.5,74.3,75.7,6.8,0,0,0,1,1,1.7,86.6
4.4,90.5,99.2,7.7,0,1,0,3,1,3.7,98.9
1.8,63.8,55.7,7.2,0,1,1,1,0,8.0,58.3
4.3,81.5,42.0,6.3,1,1,0,1,1,4.2,66.1
4.7,100.0,36.8,6.2,0,1,1,2,1,3.3,72.1
2.4,68.0,75.7,7.2,0,1,1,3,1,5.0,72.5
4.3,71.9,36.8,8.2,0,0,0,1,0,5.5,53.4
4.1,86.2,59.4,6.7,1,1,0,1,1,3.1,70.4
1.9,82.2,71.6,5.9,1,1,0,3,0,5.0,64.0
4.6,84.2,67.8,5.2,0,0,1,0,0,3.3,88.5
5.0,85.9,71.4,4.6,0,1,0,2,0,5.4,77.7
5.9,87.6,68.3,7.4,0,1,0,2,1,4.3,89.6
5.9,93.3,84.2,7.3,0,1,1,2,0,5.0,86.3
1.5,84.9,50.7,7.3,0,1,0,1,1,2.5,51.6
2.3,77.1,54.8,6.3,0,1,1,1,0,2.4,59.2
4.9,88.1,53.4,8.3,0,1,1,2,1,5.9,89.4
4.9,100.0,77.5,5.9,0,0,0,0,0,3.8,82.4
4.9,78.4,78.5,7.7,0,1,1,1,0,4.6,84.9
10.0,68.3,71.8,6.4,1,1,1,0,1,3.4,100.0
5.0,93.3,82.8,5.7,1,1,0,0,1,5.8,79.7
6.0,78.6,47.3,7.3,1,1,0,3,0,2.8,89.7
5.7,53.9,90.0,7.0,0,1,0,1,0,3.7,73.1
5.2,90.2,87.8,7.0,0,1,0,3,0,5.6,97.2
3.4,73.6,76.0,6.6,0,1,1,0,1,6.3,72.1
5.4,78.9,91.7,6.5,1,1,0,1,1,3.0,78.5
2.6,84.0,40.2,9.6,0,0,0,0,1,7.9,50.7
3.6,82.3,57.1,8.0,1,1,0,2,0,4.6,61.1
3.1,88.5,54.0,7.4,1,1,0,2,1,1.9,83.2
4.1,74.8,75.8,6.6,0,1,1,0,0,4.7,72.1
8.2,86.2,49.2,7.8,1,1,1,3,0,3.2,83.5
0.6,76.9,76.4,7.2,0,1,0,0,1,4.9,60.7
5.2,88.9,85.6,6.5,0,1,0,2,1,3.9,86.4
1.1,87.4,75.4,6.1,0,1,0,3,0,4.1,58.9
3.2,68.8,69.3,6.4,0,1,0,3,1,2.2,83.7
6.0,93.0,50.2,3.0,1,1,0,3,1,6.0,81.6
4.1,73.6,52.3,6.8,0,1,0,1,1,1.7,68.9
2.1,89.7,83.7,5.9,0,1,1,0,1,1.8,74.6
2.7,84.4,76.7,8.6,1,1,0,0,1,4.7,64.2
5.2,100.0,64.4,6.5,1,1,1,1,1,7.2,77.3
2.7,77.3,58.7,5.0,0,1,0,2,1,3.3,73.8
4.4,75.8,34.6,6.4,1,1,0,0,1,5.4,58.6
4.1,79.8,48.9,5.1,1,1,1,2,0,6.1,68.5
2.8,76.4,93.7,7.1,0,1,0,1,1,5.6,61.6
7.9,89.6,45.8,6.9,0,1,1,1,0,3.4,80.7
5.1,60.6,67.8,7.7,0,1,0,2,0,1.8,79.2
0.4,67.4,80.1,5.5,1,0,0,1,1,0.0,63.8
4.3,67.2,46.2,6.5,1,1,1,2,0,3.5,79.5
2.8,91.4,67.8,4.7,1,1,0,0,1,6.4,75.0
5.5,100.0,79.1,7.4,0,1,1,2,1,1.8,98.1
2.6,78.7,65.2,7.2,0,1,1,0,1,5.4,69.3
3.8,78.0,100.0,7.1,0,1,0,0,0,2.1,78.4
4.9,80.8,40.0,6.5,0,0,0,2,0,4.2,79.3
5.6,93.9,80.9,7.0,1,1,0,3,1,5.4,100.0
1.8,68.9,62.4,8.6,1,1,0,1,1,2.7,65.6
3.4,82.9,76.6,6.1,0,1,1,1,0,4.3,75.8
3.1,91.7,71.6,6.7,0,0,0,1,0,3.2,80.7
2.8,86.0,54.0,5.1,0,1,0,0,1,5.4,64.6
7.2,82.3,68.4,5.4,0,1,1,2,0,4.5,98.4
4.7,92.0,37.1,6.6,0,0,0,2,1,4.1,58.7
1.7,47.6,74.0,7.9,0,1,1,0,1,7.1,55.7
5.7,88.1,69.5,6.2,0,1,0,1,1,5.3,79.2
7.8,72.2,74.6,6.2,0,1,1,2,1,2.6,100.0
5.9,58.0,80.9,6.0,0,1,0,1,0,3.8,84.5
1.3,86.1,70.5,5.8,0,1,0,2,1,3.8,67.3
3.1,96.5,67.2,6.9,1,0,0,0,1,4.2,82.3
6.3,78.4,51.8,4.6,0,1,0,2,1,9.0,82.4
2.7,91.4,54.3,8.2,1,1,1,0,1,4.7,72.0
4.8,99.3,82.8,5.6,0,1,0,2,1,0.0,100.0
5.4,95.8,86.5,7.4,0,1,1,1,0,2.9,93.5
2.3,99.7,61.4,4.8,0,1,0,1,1,0.1,73.5
3.9,88.9,65.7,7.4,0,1,0,2,1,3.3,85.2
0.0,80.9,51.4,7.4,1,1,0,0,1,0.0,55.8
2.2,60.8,82.6,7.0,0,0,0,1,1,2.3,65.2
3.5,77.0,75.0,5.2,1,0,0,1,1,1.0,83.2
1.8,69.9,94.1,6.8,1,1,0,1,1,4.8,69.8
6.9,100.0,51.8,5.0,0,0,1,3,1,4.0,81.7
1.4,77.9,59.3,6.2,0,1,0,2,0,4.6,60.4
3.2,81.5,68.5,7.8,1,1,0,0,1,3.8,68.0
4.2,86.6,74.7,7.5,0,1,0,2,1,1.2,91.1
6.6,80.5,61.8,6.5,1,1,0,1,1,5.0,87.5
1.4,100.0,51.9,5.2,0,1,1,3,1,7.8,75.0
6.1,72.5,78.2,7.3,0,0,0,1,1,4.8,86.4
4.0,82.3,75.8,6.5,0,1,0,1,1,3.1,84.7
2.2,71.1,51.3,3.5,0,1,0,1,1,1.1,54.6
4.8,64.2,85.3,7.5,1,1,0,1,0,2.2,84.1
4.4,72.7,82.6,6.5,0,1,0,1,0,4.9,85.5
2.9,79.6,67.0,8.1,1,1,0,0,1,6.1,63.0
4.1,74.8,66.2,5.1,0,1,0,2,1,4.5,82.7
3.3,71.7,73.3,3.0,0,1,0,1,0,5.6,57.9
4.2,63.1,52.1,6.9,0,1,1,3,0,5.4,62.4
5.2,79.0,65.5,6.9,0,1,0,1,1,5.0,78.7
6.9,61.9,32.7,4.3,0,1,1,2,1,2.7,77.9
1.8,89.1,78.1,5.2,0,1,0,3,1,4.3,78.9
7.8,81.0,41.6,10.0,1,1,1,2,0,2.3,86.7
0.5,62.5,87.6,6.1,0,1,0,3,1,4.0,65.5
3.7,76.3,60.0,7.5,0,1,0,2,1,4.7,67.2
5.1,71.0,61.8,5.7,1,0,0,1,1,7.4,58.7
4.5,83.8,55.6,3.8,1,0,0,2,1,1.4,70.1
2.9,96.1,60.7,6.3,0,1,0,0,0,5.0,61.9
3.6,57.5,86.3,6.2,0,1,0,1,1,7.0,68.7
3.1,81.4,27.7,6.0,1,0,0,0,0,5.5,57.7
2.9,78.1,84.2,6.4,1,1,0,2,0,5.7,63.5
5.5,88.1,70.1,6.8,0,1,0,1,1,5.2,84.5
4.6,82.6,46.9,6.3,0,1,1,1,1,6.6,63.3
2.8,71.0,48.9,4.9,1,1,0,1,1,1.8,66.3
5.6,76.2,90.1,7.1,0,0,0,3,1,1.2,88.8
4.6,70.4,50.8,4.0,1,1,0,0,1,4.0,58.1
5.5,92.9,47.7,3.8,0,1,0,0,1,0.0,83.4
5.1,80.3,82.1,7.5,1,1,0,0,0,6.5,73.9
2.5,100.0,70.1,7.2,0,0,1,3,1,6.4,76.3
3.0,79.3,50.9,6.4,0,1,0,3,0,3.1,53.9
5.3,71.5,68.2,4.7,1,0,0,2,1,3.3,82.7
5.1,61.8,49.6,5.6,0,1,0,3,0,3.9,72.5
4.0,58.4,81.5,6.2,0,1,0,0,1,4.1,67.7
4.2,61.0,80.9,4.4,0,0,1,3,1,4.3,65.4
6.3,83.2,73.0,5.5,0,1,1,0,1,5.1,91.7
2.9,86.1,70.4,7.3,0,0,0,0,1,3.7,65.2
5.0,61.0,91.4,8.4,1,1,0,0,1,5.9,74.6
3.6,90.7,65.0,6.0,0,1,0,1,1,4.9,87.2
3.6,74.2,47.3,7.5,0,1,0,2,1,2.8,64.6
6.0,81.8,71.7,4.0,0,1,0,1,1,6.7,82.2
5.5,99.3,96.3,7.4,1,1,1,3,0,1.3,100.0
5.5,90.8,49.8,5.5,1,1,0,1,0,3.8,79.0
6.3,76.8,59.6,6.9,0,1,0,0,0,5.9,74.8
4.0,69.3,71.2,6.2,0,1,0,1,0,2.6,72.3
5.2,54.2,64.2,8.2,1,1,1,2,1,4.6,78.1
3.4,71.4,50.3,5.4,0,1,0,2,0,5.1,59.8
4.6,77.5,81.8,7.3,1,1,1,1,0,2.3,93.8
3.8,68.2,99.8,6.1,1,1,0,1,0,3.9,69.2
4.2,78.4,67.9,6.3,1,1,0,1,1,3.7,81.9
5.1,80.9,51.4,6.3,0,1,1,2,1,2.9,85.1
2.5,77.3,41.8,5.4,1,1,1,3,1,8.6,64.6
7.8,72.2,68.9,6.5,1,0,0,0,1,2.5,93.3
2.2,82.0,81.6,6.4,1,1,0,3,0,6.0,71.2
1.8,85.3,72.1,6.8,0,1,1,1,1,3.2,60.9
6.1,66.9,65.0,6.6,0,1,0,1,1,1.8,79.7
5.4,96.9,56.2,7.5,0,1,0,3,0,4.2,78.9
5.1,78.8,48.6,7.7,0,1,1,1,1,5.3,70.5
5.1,80.2,77.5,5.1,1,1,0,1,1,5.8,71.6
4.0,88.5,78.7,7.6,0,0,0,0,1,7.1,70.2
2.4,82.8,41.8,5.0,0,1,0,0,1,9.9,45.2
4.1,91.4,88.8,7.3,0,0,0,2,0,4.5,68.2
2.8,83.4,73.6,7.3,1,0,0,2,0,2.7,77.7
5.8,72.7,86.0,4.0,1,1,0,3,0,4.9,97.1
3.7,84.3,44.9,6.6,0,1,0,0,0,3.5,66.9
2.5,66.3,44.5,5.9,0,1,0,0,0,5.9,46.7
3.4,81.3,62.8,5.5,0,0,0,0,1,1.4,68.0
4.7,79.6,72.5,8.3,1,1,0,1,0,8.7,70.3
3.0,77.5,91.9,5.7,1,1,1,3,1,5.7,82.3
2.5,78.5,75.6,5.5,1,1,0,2,1,0.6,76.1
4.4,57.4,61.4,6.6,0,1,1,1,1,2.6,65.5
4.4,73.4,49.6,7.4,1,1,0,3,1,5.6,82.6
3.1,81.1,83.5,6.3,0,1,1,2,1,6.4,68.0
3.2,81.9,50.5,8.0,1,0,0,0,1,1.5,72.4
4.4,67.7,89.4,7.2,0,0,0,2,1,5.4,76.2
1.4,95.2,60.7,3.7,1,1,1,1,1,0.1,84.0
1.5,69.6,88.9,5.8,0,1,1,0,1,3.8,68.3
2.7,91.6,75.2,5.8,1,1,0,0,0,6.2,65.6
3.6,85.1,62.9,7.1,1,1,1,1,1,2.9,77.5
4.6,72.2,57.2,3.1,0,1,0,1,1,1.0,70.8
6.7,100.0,59.9,9.8,0,1,1,1,1,4.3,89.1
5.5,65.7,71.4,7.2,1,1,0,0,0,2.8,70.7
3.7,91.0,66.2,6.7,0,0,0,2,1,5.3,63.9
4.0,92.0,56.1,8.0,0,1,0,3,1,2.2,77.3
2.2,72.0,62.5,9.5,0,1,0,2,0,2.5,67.4
4.0,96.7,66.2,7.6,1,1,1,1,1,0.0,91.9
3.5,77.0,33.1,7.7,0,1,0,0,1,4.3,47.1
4.6,83.5,71.9,6.7,0,1,0,0,1,3.7,76.4
2.5,83.1,50.3,6.3,0,1,0,0,1,1.6,67.4
4.9,78.4,47.7,5.9,0,1,0,1,1,4.4,68.8
6.8,89.7,39.7,5.4,1,1,0,2,1,6.1,76.5
3.8,89.5,38.1,5.6,1,1,0,2,0,3.6,65.6
4.7,59.0,44.7,4.7,1,1,1,2,1,4.5,63.3
5.2,95.7,54.4,6.4,0,1,0,1,1,4.5,75.7
3.3,60.1,94.3,4.3,1,1,0,1,1,1.6,75.1
4.4,92.4,57.1,6.7,0,1,1,2,1,8.1,90.5
4.0,93.5,67.7,6.5,0,1,0,1,0,3.1,72.7
4.2,66.9,71.0,6.7,1,1,1,0,1,5.3,69.9
2.6,75.1,67.0,5.8,1,1,1,1,1,5.5,67.4
4.0,66.7,63.8,10.0,1,1,0,1,0,3.7,67.1
4.9,77.4,47.1,8.3,1,0,0,0,0,5.2,72.3
6.6,76.3,86.8,4.9,0,0,0,2,0,4.5,70.2
5.7,89.4,92.1,6.8,0,1,0,3,1,1.2,96.7
7.9,95.7,39.8,5.7,1,1,1,0,0,3.3,92.0
2.6,96.7,49.6,5.2,0,1,0,0,0,2.8,62.0
5.6,73.3,60.8,4.8,0,1,0,2,1,3.1,72.6
4.3,77.5,50.5,7.1,1,1,0,0,1,1.4,75.0
7.9,59.8,72.6,5.6,1,0,0,1,0,6.3,83.0
2.5,70.3,54.1,7.8,0,0,0,0,0,7.2,51.8
2.5,91.6,97.5,7.8,1,0,1,0,0,6.0,72.3
2.9,99.4,82.9,8.3,1,1,0,2,0,6.5,83.2
0.2,65.2,68.2,5.4,1,1,0,2,0,3.3,51.3
3.1,72.9,80.4,7.1,0,0,0,0,1,2.7,73.9
2.6,79.7,81.6,7.3,0,1,1,1,0,2.4,84.3
4.3,83.4,56.5,5.9,0,0,0,0,1,5.3,50.7
4.6,70.3,52.8,5.5,0,1,1,0,1,4.5,68.1
7.4,85.1,66.2,8.6,0,1,0,3,1,3.8,85.9
5.7,74.3,77.9,6.8,0,1,1,2,1,6.6,98.8
3.0,79.8,67.1,7.3,0,1,0,1,1,4.8,66.3
2.4,86.6,41.3,5.4,1,1,0,2,1,2.3,70.6
4.9,80.1,53.0,4.9,0,1,0,2,1,2.6,75.2
1.6,74.8,63.9,5.8,1,1,0,2,0,5.4,54.5
7.3,78.7,63.9,6.3,1,1,0,0,0,6.1,74.3
6.1,78.9,94.6,5.1,0,1,0,0,1,5.1,94.6
3.2,75.6,44.2,6.5,1,1,0,2,1,7.8,66.3
0.9,76.9,72.6,4.3,1,1,0,1,1,7.3,67.6
6.4,99.2,87.3,5.0,0,1,1,3,1,4.9,100.0
3.8,86.7,99.1,7.4,1,0,0,2,1,2.3,91.3
6.2,76.5,58.9,7.3,0,1,1,3,1,1.4,89.2
1.1,88.4,72.4,6.0,1,1,0,0,1,3.2,64.0
2.9,76.0,73.5,5.2,0,0,0,3,1,5.5,62.2
4.0,94.1,67.9,5.2,1,1,0,1,1,7.7,74.5
4.1,84.4,63.5,6.0,0,1,0,3,1,4.8,72.5
3.2,78.7,71.5,7.3,1,0,1,0,0,6.3,69.4
5.1,85.4,27.0,7.7,0,1,0,1,1,3.5,71.1
2.1,61.1,75.2,5.9,1,1,1,2,0,5.2,65.1
3.7,66.5,66.9,5.0,1,0,1,1,0,5.6,73.9
4.2,65.7,61.7,6.8,0,1,0,1,1,0.0,73.1
4.9,81.7,95.7,5.4,1,1,1,3,0,3.2,97.3
5.3,100.0,54.9,5.8,0,1,0,1,1,5.9,91.4
2.0,100.0,59.0,8.2,1,1,1,2,0,4.5,83.0
1.2,87.7,94.9,7.6,0,1,1,0,1,1.6,84.9
6.3,86.0,52.5,6.7,1,1,0,2,0,0.0,85.7
4.6,58.4,56.7,4.8,1,1,1,2,1,3.3,72.5
2.7,73.5,62.8,6.8,0,1,0,1,0,3.9,54.6
6.8,70.5,77.6,7.9,0,0,0,0,1,2.2,87.8
4.2,72.5,68.1,6.0,0,1,0,1,1,4.3,72.8
6.1,78.0,45.6,8.3,1,1,0,0,1,5.0,75.4
4.1,74.3,57.0,8.2,0,0,0,0,0,5.3,68.6
7.7,56.2,55.9,8.7,0,1,1,2,0,0.0,80.5
7.2,89.0,63.8,6.9,1,1,0,0,0,1.4,99.6
3.6,67.1,71.4,7.3,0,0,0,0,1,3.4,71.5
5.7,82.9,71.3,8.3,1,1,0,2,1,5.1,86.8
5.2,100.0,38.4,7.1,0,1,0,0,1,5.0,73.3
6.5,69.0,81.0,5.8,0,1,1,1,0,4.9,85.8
2.3,49.6,68.8,5.9,1,1,1,0,1,3.2,68.1
5.2,76.6,85.8,6.8,0,1,1,1,1,3.3,87.9
5.9,93.2,71.7,4.8,0,1,0,2,0,2.5,88.2
0.8,100.0,81.5,6.3,1,1,0,2,1,5.5,73.1
1.9,65.2,72.0,7.9,0,0,1,1,1,2.2,76.6
0.3,86.0,85.2,3.7,1,1,1,0,0,5.7,57.9
3.5,74.4,72.8,8.5,1,0,0,0,0,4.4,67.5
5.3,78.7,63.5,8.0,0,1,0,1,0,3.9,85.6
6.7,100.0,99.1,5.9,0,1,1,3,1,2.7,100.0
4.1,62.0,78.3,7.2,1,1,1,0,0,1.3,82.0
6.9,83.0,73.6,6.5,0,1,0,1,0,2.7,82.5
1.5,85.6,45.9,8.1,0,0,1,0,1,3.3,58.9
0.9,93.0,45.7,7.8,1,0,0,2,0,0.0,73.4
3.9,81.2,69.4,4.7,0,0,0,2,0,3.6,66.5
4.7,83.7,67.2,7.3,1,1,0,2,1,5.8,79.2
3.9,75.3,55.8,6.2,0,1,0,3,0,5.1,69.8
0.3,83.2,67.1,6.6,0,0,0,1,1,3.0,52.6
3.8,75.9,88.8,5.6,0,1,0,0,1,4.1,72.0
1.7,87.5,75.4,8.8,1,1,0,1,1,2.9,75.2
5.2,75.6,47.9,7.9,1,1,1,2,1,4.3,79.5
4.7,84.5,63.3,5.5,1,1,1,2,0,7.1,83.7
2.3,79.6,52.9,4.8,0,1,0,1,1,5.9,66.9
3.1,93.5,59.2,6.0,0,0,0,2,1,5.0,65.4
2.1,79.4,58.8,7.1,0,1,1,2,1,3.0,70.7
3.9,58.7,57.8,6.8,0,1,0,3,1,5.5,69.7
5.7,95.1,46.2,8.1,1,1,1,1,1,0.6,99.5
2.2,69.1,63.1,7.5,1,1,1,2,1,3.5,73.8
4.9,72.2,56.6,7.8,0,0,0,0,1,5.2,68.9
3.0,72.9,21.1,6.9,1,1,1,2,1,5.5,62.3
2.6,96.5,95.8,4.7,0,1,1,3,1,5.3,89.9
3.8,54.4,81.3,6.2,1,1,0,1,1,4.6,62.9
2.1,100.0,59.4,7.9,0,1,0,2,1,3.6,75.7
3.0,92.7,65.3,6.4,0,1,0,2,1,5.1,82.7
1.8,82.7,47.4,7.2,0,1,0,0,1,2.1,59.2
7.5,79.3,90.4,6.1,0,1,0,1,1,2.3,97.6
4.1,83.4,93.5,5.2,1,1,0,0,0,4.1,76.9
2.7,86.3,67.4,6.3,0,1,0,3,1,4.3,60.3
4.4,87.7,80.4,6.9,0,0,1,2,0,0.3,88.0
3.8,86.7,67.6,5.6,1,0,0,0,1,4.9,72.2
3.6,81.1,44.9,6.2,1,0,0,0,1,5.5,57.6
5.1,77.6,58.8,5.3,1,1,0,1,0,3.8,65.9
5.4,78.2,67.0,8.0,0,1,0,1,1,8.7,69.1
3.0,77.7,58.2,6.1,1,1,0,0,1,2.6,71.2
3.0,93.6,61.7,8.4,1,1,0,1,0,3.3,86.4
3.5,87.1,63.6,8.5,0,0,0,1,1,3.2,82.4
0.0,44.7,63.8,6.4,0,1,1,0,1,3.8,36.3
1.3,87.9,65.8,5.2,0,1,1,2,0,3.3,71.9
6.5,82.3,49.1,3.8,0,1,0,3,1,1.2,80.6
7.0,79.8,54.2,4.6,0,0,0,2,1,2.9,78.3
3.6,75.3,45.7,4.7,0,0,0,2,0,3.8,57.0
5.0,93.5,79.7,8.3,1,1,1,0,0,6.5,89.1
4.6,91.4,33.4,6.7,1,1,0,1,1,8.4,71.7
9.5,70.7,82.3,7.0,1,0,1,0,1,6.7,94.7
6.0,84.9,85.8,3.6,1,1,0,2,0,2.4,88.9
3.8,68.3,60.5,4.9,0,1,0,3,0,2.6,71.4
2.3,63.4,26.0,7.7,1,1,0,2,1,3.7,57.1
1.1,72.5,59.6,6.9,1,1,1,3,1,7.6,68.2
4.4,90.3,64.0,6.3,0,0,1,2,1,3.7,73.6
2.6,91.4,49.8,7.2,1,1,0,1,1,1.3,72.4
1.4,86.2,57.3,8.6,1,1,0,1,1,3.0,60.6
2.8,88.7,88.0,6.2,0,1,0,0,1,5.5,73.1
2.1,86.2,75.0,6.6,1,1,0,0,1,5.4,66.4
7.0,72.3,51.1,6.8,0,1,1,2,1,3.6,84.5
5.6,85.2,41.0,9.6,0,1,1,1,1,5.4,74.1
4.0,89.6,60.1,3.8,0,1,1,1,1,0.0,71.1
6.7,89.1,61.8,7.4,1,1,1,1,1,4.2,79.2
4.1,94.3,72.4,6.4,1,0,0,1,1,5.7,77.0
2.4,88.5,57.0,7.2,1,1,1,1,1,2.3,71.7
6.7,84.2,72.7,5.6,0,0,1,1,0,2.3,83.7
5.0,92.8,94.0,6.4,0,0,0,1,1,0.3,100.0
2.1,79.7,77.2,7.4,1,1,1,2,1,7.2,66.9
3.7,69.4,64.3,10.0,1,1,0,1,0,2.6,80.9
2.4,78.0,62.3,7.6,0,1,1,2,1,4.5,80.2
1.5,71.1,59.6,5.4,0,1,0,3,0,5.2,45.1
5.7,71.9,82.7,5.9,1,1,0,3,1,7.0,84.5
7.4,78.3,55.6,5.9,1,1,0,3,0,3.7,84.5
1.5,70.5,65.7,4.2,0,1,0,1,1,2.9,40.8
5.0,76.3,65.8,6.1,0,1,0,0,1,4.3,64.4
2.8,57.3,57.5,7.5,1,1,0,1,0,6.6,59.1
3.1,82.6,44.4,4.8,1,0,0,1,1,3.7,74.0
2.9,80.0,69.8,7.9,0,1,0,3,0,2.1,81.1
2.4,70.2,64.1,7.1,0,1,1,2,1,0.9,74.4
4.1,87.9,72.5,5.5,1,1,1,0,1,1.6,82.6
2.5,91.3,57.0,6.3,0,1,0,0,0,5.7,71.2
4.5,60.7,83.3,8.6,0,1,1,0,1,3.4,90.6
3.9,70.8,51.8,7.5,0,0,0,2,0,2.8,62.2
3.6,70.8,90.7,6.5,0,1,1,2,1,2.6,70.8
2.4,68.7,38.8,6.2,1,0,0,3,1,4.2,45.1
3.0,90.0,71.5,6.6,0,1,0,3,1,3.5,87.3
5.4,77.7,72.1,5.8,1,1,0,0,1,3.5,79.1
4.9,76.8,53.1,3.8,0,1,0,1,1,6.7,66.7
2.2,56.0,71.4,9.2,0,1,1,0,1,7.1,47.9
4.2,87.6,84.2,6.7,0,1,1,1,1,0.8,85.1
5.4,65.1,31.7,7.0,1,1,0,3,0,4.7,64.9
1.0,80.7,72.5,6.4,1,0,0,1,1,2.4,65.6
5.0,83.3,27.6,5.5,0,1,1,2,0,3.5,66.9
2.8,96.3,50.5,6.3,1,0,1,1,0,4.6,62.0
5.0,64.3,89.4,4.4,1,1,0,0,1,3.6,71.8
2.6,43.8,56.3,9.5,1,0,0,0,1,4.5,59.0
0.8,82.2,47.4,4.9,0,1,0,1,1,5.3,53.0
1.1,100.0,62.0,5.2,1,1,0,2,1,4.6,72.0
4.1,94.9,96.0,5.9,0,0,0,0,1,2.7,79.3
4.5,82.5,37.5,8.2,0,1,0,2,1,2.7,55.7
2.4,74.1,49.2,6.5,1,0,1,2,0,1.1,62.3
5.1,89.7,87.5,4.9,0,1,0,1,1,2.3,83.0
1.0,68.3,92.9,8.1,0,0,1,2,1,7.9,66.6
3.9,85.7,63.4,7.5,0,1,1,1,1,2.4,99.9
1.8,86.1,46.4,7.2,1,1,1,2,1,1.6,75.0
2.8,92.7,96.4,7.4,1,1,0,2,1,4.6,100.0
4.1,100.0,88.9,9.6,0,0,1,3,1,3.8,100.0
2.5,84.7,75.2,9.3,1,1,0,1,1,3.6,72.7
3.3,73.9,52.8,5.6,0,1,0,1,1,6.8,61.7
5.8,79.7,64.3,8.6,0,1,0,0,1,5.1,89.6
3.0,58.8,62.6,7.0,1,1,0,0,0,2.9,70.4
5.5,71.7,70.0,7.1,0,1,1,2,0,3.2,78.8
2.0,75.1,86.8,4.3,0,1,1,3,0,3.0,74.7
5.0,73.7,78.2,6.3,0,1,0,1,1,5.7,67.9
6.6,81.8,48.8,5.4,1,0,0,0,1,3.4,81.5
0.0,70.1,85.6,7.6,0,1,0,1,1,0.4,74.1
2.6,93.5,69.7,7.9,1,1,0,1,0,3.9,74.1
5.0,80.0,75.3,3.8,1,1,1,1,1,0.9,81.8
3.6,79.9,87.0,6.5,0,1,0,0,1,8.4,72.1
4.7,76.1,48.3,8.0,1,1,1,2,1,2.1,82.8
2.9,81.9,64.5,6.3,0,0,0,0,1,3.7,65.3
4.2,89.9,57.0,7.4,0,1,0,1,1,4.5,76.3
3.7,69.6,41.5,7.0,1,1,0,2,0,3.4,62.5
6.1,72.1,70.2,6.9,1,1,0,1,0,3.4,86.8
4.5,76.4,100.0,6.1,0,1,0,2,0,4.8,86.9
4.6,63.8,37.4,4.9,0,1,1,2,1,7.1,55.0
3.3,70.2,64.5,5.0,0,0,1,2,0,5.5,57.5
3.1,74.3,74.6,7.4,0,1,0,1,1,7.0,65.6
3.2,90.5,66.8,6.5,0,1,0,1,1,1.9,81.0
4.7,83.2,63.3,6.3,0,0,0,2,1,4.6,76.6
3.2,82.3,45.5,5.9,1,1,0,2,1,4.3,63.3
4.5,90.2,68.5,6.1,0,1,0,1,0,4.7,77.4
7.7,78.4,53.6,7.9,0,1,0,0,1,6.8,78.2
5.6,84.7,32.2,6.1,1,1,1,0,1,3.6,79.1
3.4,78.8,82.9,4.8,1,1,1,0,0,3.2,76.3
6.2,83.2,79.4,7.5,0,1,1,1,1,5.1,88.4
3.3,73.0,65.8,6.2,0,0,0,0,1,0.4,69.3
0.3,50.7,68.4,6.5,1,1,1,1,1,3.5,61.2
2.2,78.4,81.1,8.6,0,1,0,2,1,3.7,71.1
0.6,97.1,68.4,6.5,0,1,0,1,1,2.2,70.4
3.4,91.1,78.6,6.9,1,0,1,2,1,6.1,80.4
4.0,91.6,60.5,5.0,0,1,0,2,0,1.9,79.0
7.0,94.8,84.7,6.2,0,1,0,0,0,3.7,88.1
4.6,81.1,69.8,7.3,0,1,1,2,0,4.6,80.8
3.6,82.4,67.9,4.5,0,0,1,2,1,6.7,77.1
5.5,72.6,45.9,6.8,0,1,1,1,1,4.0,68.6
0.0,76.2,69.3,6.6,1,1,0,0,1,5.9,45.1
4.4,87.4,52.5,6.6,0,1,0,1,1,5.4,64.0
5.4,94.4,55.4,7.8,0,1,1,3,1,4.2,82.5
1.3,78.3,52.8,6.9,0,1,0,2,1,1.8,66.4
6.1,74.6,49.0,8.4,1,1,0,0,1,1.1,71.8
4.6,80.0,96.9,5.2,0,1,0,2,0,4.2,81.3
3.3,87.2,85.0,6.7,0,1,0,1,1,2.9,83.9
5.1,62.7,93.8,6.6,1,1,0,1,1,5.8,81.9
8.1,52.4,46.7,5.1,0,1,0,2,0,5.5,68.9
4.3,73.4,66.1,7.7,0,1,0,1,1,3.6,75.2
4.4,65.4,45.6,9.5,0,1,0,2,1,1.7,72.8
3.2,73.9,54.6,6.5,0,1,0,2,0,5.0,61.4
2.5,78.2,51.2,7.2,0,1,0,2,0,2.0,63.7
5.5,74.6,83.6,6.6,1,1,1,0,0,2.5,98.2
2.5,97.4,59.1,5.6,0,1,0,2,1,2.0,79.6
4.1,83.9,81.0,4.1,1,1,0,3,1,3.7,98.1
3.1,83.6,74.1,5.6,0,1,1,0,1,6.3,67.0
4.9,87.5,99.6,4.7,0,1,0,1,1,4.0,87.2
4.6,66.3,42.8,8.7,0,1,0,1,1,3.1,59.6
5.9,92.5,83.9,6.4,1,1,0,2,1,0.9,93.7
3.1,79.1,82.2,6.1,0,1,1,2,1,5.1,88.8
3.5,88.0,50.4,7.7,1,1,1,0,1,2.4,71.8
2.2,67.1,80.1,5.0,0,0,1,3,1,4.2,80.4
3.2,61.4,70.0,5.5,0,0,1,0,1,3.3,55.7
4.7,89.8,61.6,6.6,0,1,0,2,1,5.7,72.1
5.4,84.5,52.6,7.8,0,1,0,1,1,3.7,76.5
2.3,69.2,54.2,7.2,0,1,0,1,0,3.9,56.8
5.6,69.6,95.7,6.8,0,0,0,0,0,5.0,83.1
6.4,93.5,65.0,6.6,1,1,1,0,1,8.2,87.4
4.7,65.7,76.7,7.0,0,1,0,2,0,5.8,69.8
7.4,99.7,53.1,6.8,1,1,0,1,1,3.8,91.8
2.6,69.2,53.3,5.2,0,1,1,0,1,4.0,57.2
1.8,87.7,81.2,6.6,0,1,0,0,0,3.0,62.5
0.8,76.1,44.8,5.1,1,1,0,0,0,2.1,44.5
6.7,87.2,58.8,6.6,0,1,0,2,0,2.9,92.4
5.2,73.5,65.5,5.9,0,0,0,2,0,2.5,63.9
3.9,78.0,66.7,9.8,1,1,0,0,1,5.3,83.3
4.5,80.5,62.3,6.4,1,1,0,1,1,1.9,76.5
2.0,68.0,70.9,4.7,0,1,0,0,1,6.7,49.8
8.4,88.9,75.4,6.3,0,1,1,3,1,5.5,100.0
4.2,73.8,76.0,7.2,1,1,1,3,1,4.0,93.5
4.2,77.3,50.2,8.7,0,0,0,2,1,4.0,77.7
5.3,68.1,60.7,5.7,1,1,0,3,1,2.9,82.4
4.9,49.3,82.9,4.4,0,1,1,2,1,4.5,80.1
4.4,77.7,78.4,7.6,0,1,1,2,0,6.2,68.6
2.6,100.0,44.4,4.7,1,0,0,1,0,2.6,61.6
4.8,89.4,70.3,5.9,0,0,0,1,0,0.9,74.6
7.4,79.8,35.3,6.2,0,0,1,0,0,5.4,79.7
6.4,76.8,65.7,6.4,0,1,0,1,1,4.6,78.9
6.9,80.3,93.5,7.4,1,1,0,2,0,1.8,100.0
3.1,86.6,50.8,5.6,1,1,0,0,1,2.5,70.7
2.2,65.8,52.5,6.1,0,1,0,1,1,2.3,53.3
3.8,93.4,76.5,6.5,0,1,0,1,1,2.6,78.5
4.1,88.6,41.9,6.7,1,1,0,0,1,3.4,77.5
6.0,88.6,55.5,6.6,1,0,1,1,0,3.5,77.6
1.0,85.3,73.9,7.1,1,1,0,3,1,2.7,73.9
6.8,80.2,55.5,7.6,0,1,0,2,0,2.5,80.1
3.7,88.1,61.5,7.0,1,0,0,2,1,3.5,74.5
3.2,87.1,76.2,7.1,1,0,1,1,1,4.3,77.9
2.2,75.8,71.3,4.4,0,1,0,1,1,3.4,59.6
1.0,73.1,69.0,6.6,0,1,0,0,1,6.3,48.3
5.5,81.2,59.9,7.1,0,1,0,3,1,5.0,83.6
4.1,98.6,70.6,7.4,1,1,1,0,0,0.8,81.4
1.7,65.1,63.1,5.6,0,1,0,0,0,5.0,45.7
1.7,62.4,71.9,5.6,1,1,0,2,1,5.2,54.7
3.4,82.0,57.5,5.8,1,0,0,0,1,3.1,66.1
7.0,80.6,62.3,7.2,1,1,1,1,1,1.0,99.8
3.5,82.1,50.2,7.8,1,1,0,0,0,4.0,74.4
1.3,82.9,64.5,6.0,1,0,1,0,1,4.0,57.9
3.6,77.3,52.8,7.7,0,1,1,0,1,1.8,84.5
3.5,97.9,48.3,6.7,1,1,1,0,1,1.1,72.4
0.0,60.8,68.9,6.3,0,1,0,2,1,3.8,59.3
3.9,70.1,68.2,6.2,1,1,1,2,1,3.5,72.7
3.6,78.8,76.7,7.5,0,1,0,1,0,3.2,68.8
5.3,60.3,58.5,6.9,1,1,0,3,1,3.8,71.7
7.3,77.9,71.1,9.5,1,0,1,0,0,1.8,91.6
6.0,99.9,73.3,5.4,1,1,0,1,0,3.1,93.2
3.5,80.3,71.7,7.2,0,1,0,0,1,5.1,74.1
2.0,82.8,52.6,5.8,0,0,0,2,1,3.3,56.5
8.6,64.9,67.2,5.4,1,1,0,1,1,0.7,86.3
4.1,72.6,70.5,6.5,0,1,0,2,1,3.1,70.3
4.0,75.5,65.1,6.7,1,1,1,2,1,1.9,80.4
4.0,76.2,33.7,10.0,0,1,1,1,0,4.5,64.7
4.4,95.4,67.4,6.3,1,1,0,2,1,4.6,77.7
3.7,86.7,98.2,5.0,0,1,0,3,0,0.7,90.2
3.0,66.7,59.6,6.9,1,1,1,1,1,5.5,79.0
3.0,83.0,54.1,3.8,1,0,0,1,1,1.8,62.9
3.9,86.0,70.6,6.4,0,1,0,2,1,7.1,71.8
3.0,93.7,69.7,6.5,0,1,0,2,1,3.9,80.6
2.7,99.0,82.9,7.5,0,0,0,0,0,1.5,73.8
4.2,67.8,46.1,7.8,1,1,0,1,1,1.7,73.8
3.5,70.3,76.0,5.8,0,1,0,1,0,4.7,62.3
6.7,64.9,73.9,6.3,1,1,0,1,0,3.2,92.5
0.0,77.2,62.9,5.5,0,1,0,0,0,3.8,51.1
6.0,85.6,70.1,5.0,0,1,0,3,1,7.2,79.7
6.2,91.8,80.4,6.9,0,1,1,2,1,2.6,94.9
0.3,79.1,78.1,4.8,0,1,1,1,1,4.1,58.9
3.4,76.2,47.9,6.0,0,1,0,2,1,6.8,70.2
3.3,81.8,77.3,5.2,1,1,0,3,1,4.5,70.5
1.5,70.0,64.0,7.2,1,1,1,0,1,0.8,61.9
2.6,100.0,66.1,8.8,0,1,0,1,1,5.0,72.3
2.0,60.7,66.1,4.8,1,1,1,1,1,1.7,63.7
7.2,82.2,62.7,4.1,1,1,0,2,1,6.8,82.3
5.7,100.0,82.9,6.3,0,0,1,0,0,2.4,81.7
6.3,80.1,63.7,6.5,0,1,0,3,1,9.9,76.6
5.3,77.7,48.2,6.8,0,1,0,1,1,6.9,68.5
2.0,75.7,59.1,5.9,0,0,1,1,0,2.4,57.4
3.1,77.8,67.7,6.2,1,1,0,1,1,4.0,74.5
4.9,96.5,83.4,7.0,1,1,0,0,0,5.5,88.9
1.8,53.5,74.0,7.9,0,0,0,2,0,5.6,53.8
5.3,98.4,52.2,4.0,0,1,1,3,0,4.9,83.4
3.6,62.9,100.0,6.0,1,1,0,1,1,6.5,60.5
3.3,76.8,69.0,6.8,1,1,0,3,1,3.8,74.1
5.3,74.8,84.1,5.3,1,1,0,2,1,3.3,91.6
4.8,87.1,62.7,8.8,1,1,0,1,0,3.3,78.0
3.4,60.8,73.0,5.7,0,1,0,2,1,5.7,60.8
6.1,85.5,77.6,6.4,1,1,0,1,1,4.7,100.0
2.1,100.0,83.3,7.2,1,1,0,1,0,4.6,87.4
5.1,63.6,80.9,5.7,0,1,0,0,1,5.6,74.2
5.1,82.3,78.1,4.1,1,0,0,2,0,0.0,90.9
3.4,72.1,60.3,5.9,0,1,0,0,0,4.6,46.8
4.6,85.1,56.4,7.8,0,1,0,2,1,4.4,73.1
1.7,80.2,70.0,6.1,0,1,0,2,1,7.3,59.5
5.7,72.3,79.0,5.4,0,1,1,0,0,0.9,81.3
3.7,85.9,61.7,7.7,0,1,0,1,0,7.1,64.6
3.1,100.0,81.0,6.1,0,1,1,1,0,4.2,65.5
5.9,77.7,86.8,5.8,0,1,0,1,0,5.0,84.4
2.7,88.6,51.3,6.7,0,0,0,1,0,7.4,61.0
1.5,64.5,52.4,7.5,0,1,0,1,1,5.1,62.5
1.2,68.5,62.9,9.6,0,1,0,1,1,4.8,54.2
5.1,85.7,69.6,7.6,1,1,1,0,1,4.5,78.6
1.7,97.8,57.1,8.0,0,1,1,0,1,3.0,54.8
7.2,84.3,85.3,5.8,0,1,1,0,1,3.9,92.4
0.3,76.2,71.4,5.2,1,1,0,2,0,2.6,65.0
7.1,80.0,65.6,6.6,1,1,0,3,0,3.9,86.1
4.4,65.0,43.5,6.6,1,1,0,1,1,0.0,82.6
3.8,87.3,45.3,5.1,0,1,1,1,0,4.9,65.0
3.0,90.6,69.2,6.3,0,1,0,0,0,3.8,69.9
4.7,74.6,33.0,7.0,1,1,0,1,0,3.3,56.7
3.9,74.4,80.2,7.0,0,1,0,0,1,4.4,74.7
6.0,83.2,62.6,7.2,0,0,0,2,1,1.1,74.6
4.2,74.8,100.0,6.9,0,1,1,3,1,7.9,89.4
4.3,79.2,99.6,5.8,1,1,0,0,1,3.8,87.4
3.3,100.0,62.3,5.8,0,1,0,2,1,3.7,86.2
3.9,77.0,63.4,4.9,1,1,0,0,1,2.1,64.9
4.6,75.7,79.9,8.8,1,1,1,1,0,4.0,83.9
0.9,72.2,90.5,6.5,0,1,0,0,0,6.8,59.9
1.6,88.9,40.4,6.2,1,1,1,1,0,6.1,60.2
5.3,77.8,38.2,5.3,1,1,0,0,0,5.7,57.7
4.3,72.2,55.7,10.0,1,0,1,1,0,5.1,56.8
3.7,95.9,73.7,5.1,0,1,1,1,0,3.3,81.8
4.0,97.0,72.5,5.9,1,0,0,1,1,1.1,82.8
4.6,72.8,81.0,7.0,0,0,0,2,1,3.6,75.6
3.0,57.6,47.0,7.3,1,1,0,3,1,3.5,67.5
2.6,92.1,30.3,7.7,0,1,0,1,1,6.1,59.2
4.4,71.8,77.9,8.8,0,1,1,0,1,4.6,70.3
2.2,89.5,52.6,7.2,1,1,0,1,1,7.2,51.5
4.7,56.4,34.7,5.1,1,1,0,3,1,6.4,53.0
0.9,90.7,67.2,6.2,1,1,0,1,0,3.1,78.5
5.9,65.5,76.9,6.9,0,1,0,1,0,0.4,86.4
4.9,88.8,63.2,9.2,0,1,1,0,1,6.8,80.5
4.5,80.2,58.1,4.7,1,0,0,1,1,6.7,66.0
5.8,68.6,62.6,8.1,1,1,1,1,0,1.3,81.6
7.0,75.1,59.4,6.7,1,1,1,3,0,7.0,91.9
5.8,88.2,44.8,7.6,0,1,0,3,1,4.8,78.9
0.7,81.3,54.3,6.4,0,1,0,0,0,4.3,54.6
1.7,87.0,72.8,5.4,1,1,1,1,1,7.2,65.1
2.9,100.0,69.8,7.5,1,1,0,0,0,6.7,82.8
4.0,61.2,67.5,7.4,0,1,0,1,1,5.3,70.9
4.9,99.4,50.1,7.8,1,0,0,3,0,4.9,88.2
2.7,81.3,62.3,6.5,0,1,0,1,1,5.2,62.1
4.3,69.2,32.3,5.7,0,1,1,1,0,3.2,67.6
2.6,64.0,67.7,4.5,0,1,0,0,1,3.9,56.1
2.9,77.7,86.4,7.6,0,0,0,2,1,2.2,78.4
1.5,91.1,42.9,7.1,0,1,1,2,1,3.3,76.3
2.3,78.5,56.2,5.2,0,1,1,1,1,3.3,58.9
1.6,98.1,69.9,5.8,0,0,0,0,1,2.7,68.6
2.2,62.6,83.8,5.9,1,1,1,1,1,4.3,71.0
5.9,79.9,58.3,4.6,0,1,0,3,1,3.4,85.1
2.3,65.0,54.6,5.4,0,1,1,1,1,5.0,55.2
8.7,84.4,35.5,5.0,0,1,0,1,1,0.8,100.0
4.9,90.6,66.6,6.0,0,1,0,1,0,3.8,70.4
4.3,75.0,95.6,5.5,1,0,1,2,1,4.3,93.6
2.5,48.7,69.2,4.4,0,1,0,1,1,3.4,62.7
5.3,82.4,64.7,9.1,1,0,1,0,1,3.7,94.1
3.0,85.2,69.8,8.1,1,1,0,1,1,0.8,69.9
4.2,84.9,64.8,5.5,0,0,1,2,1,4.7,71.4
8.6,94.8,52.8,6.9,0,1,1,2,1,5.3,100.0
3.8,67.1,77.3,7.0,0,1,0,3,1,5.0,63.7
6.1,88.2,68.4,8.0,0,1,1,1,1,6.1,77.9
2.7,94.3,65.3,5.4,1,1,0,0,1,4.4,67.2
3.9,58.7,50.4,7.9,1,1,1,3,1,5.0,71.0
7.2,83.8,84.6,5.8,0,0,0,1,1,4.3,100.0
2.9,73.9,75.0,4.8,0,0,1,2,1,5.4,67.6
7.3,79.0,56.7,7.4,0,1,0,2,1,0.8,87.7
5.3,84.2,80.0,8.2,1,1,0,1,1,2.2,92.0
3.0,74.2,57.5,9.9,0,1,0,0,0,7.2,62.2
5.1,71.9,53.3,4.9,0,1,0,2,1,0.0,79.5
5.8,80.4,53.6,7.4,0,1,1,2,1,3.7,82.7
5.1,67.0,38.4,6.0,1,1,0,1,0,6.3,48.8
1.2,67.0,72.1,7.5,1,1,0,1,0,3.8,53.6
2.7,88.2,37.5,4.6,0,0,0,0,1,3.2,65.4
3.6,66.2,46.6,4.9,0,1,0,0,1,4.3,57.7
3.9,88.0,33.9,5.5,1,1,0,1,1,3.3,65.4
5.1,85.6,63.7,6.6,0,1,1,1,1,4.1,88.8
4.3,59.3,62.7,5.7,1,0,1,3,1,2.6,67.3
1.6,71.9,60.1,7.4,0,1,0,2,1,6.2,57.5
4.7,94.3,49.4,7.8,1,1,0,2,0,6.8,76.0
5.1,68.2,47.4,7.3,0,0,0,1,1,3.7,64.8
5.0,74.4,72.0,8.6,1,1,0,0,0,1.2,80.6
5.9,85.5,56.7,7.0,1,1,0,3,1,3.0,87.0
5.5,89.4,69.7,4.9,1,1,1,1,1,3.6,78.8
4.8,77.0,51.7,8.3,1,0,0,0,1,5.0,70.3
3.9,72.8,67.7,5.7,1,1,1,1,1,2.0,69.1
1.0,97.1,84.5,7.7,0,1,0,3,0,2.5,78.3
4.8,100.0,73.8,8.5,1,1,0,3,1,5.0,100.0
4.4,91.7,58.8,7.1,1,0,0,0,0,5.9,68.2
4.5,81.0,68.9,4.6,0,0,0,3,0,2.8,68.9
1.7,70.3,61.4,5.3,1,1,0,1,1,1.3,61.7
2.1,70.0,65.1,8.2,1,0,1,0,0,10.6,47.6
5.9,86.3,60.1,6.3,0,1,0,2,1,5.6,85.1
3.9,85.0,62.5,6.6,0,1,1,3,1,3.5,80.8
5.2,96.8,68.2,7.5,0,1,0,1,0,5.7,91.5
4.1,87.8,50.1,7.4,0,1,0,1,0,3.8,77.4
4.1,62.0,49.8,6.9,0,0,0,2,1,5.7,60.0
5.7,92.6,44.2,6.2,0,0,0,2,1,4.3,82.0
3.1,68.0,41.0,6.1,0,0,0,3,1,4.2,57.1
4.2,75.4,46.7,7.6,0,1,0,1,1,3.8,68.4
3.2,83.0,67.4,7.2,1,1,0,3,1,1.1,79.6
3.2,100.0,51.6,6.2,0,0,0,3,1,7.9,74.2
3.4,100.0,72.7,7.9,0,1,0,0,0,2.1,87.6
4.4,87.3,65.5,6.3,0,1,0,2,1,1.3,87.6
3.1,77.8,35.5,5.4,0,1,0,1,1,3.6,64.4
6.3,86.4,74.8,5.5,1,0,1,1,1,2.1,97.2
2.4,90.7,77.2,5.2,1,1,0,2,1,3.9,79.3
3.7,76.2,50.1,6.1,1,0,1,0,1,5.4,57.1
3.2,100.0,71.3,8.1,0,1,0,1,0,6.0,85.3
6.6,82.8,52.2,5.5,1,1,1,3,1,5.6,97.6
4.4,86.0,66.5,6.7,0,1,0,0,1,3.4,74.6
5.9,88.0,46.0,5.6,0,1,1,1,1,4.1,77.7
1.3,85.1,38.1,6.2,0,1,0,3,0,4.8,59.5
4.5,90.1,59.3,4.5,0,1,1,1,1,0.5,85.5
5.6,72.6,63.1,6.2,0,0,0,1,1,5.1,71.5
4.1,73.3,59.0,6.2,0,1,0,1,1,1.1,65.2
5.9,66.8,47.2,7.2,1,1,0,1,0,8.1,67.2
3.1,85.3,59.0,6.8,0,1,0,2,1,3.2,76.1
6.5,89.3,69.0,4.9,0,1,0,2,0,3.6,90.7
8.1,85.5,64.3,7.9,0,1,0,1,1,2.5,97.5
3.3,100.0,67.7,6.8,1,0,0,2,1,2.7,79.9
3.2,79.9,54.9,6.8,0,1,1,1,0,8.5,67.5
6.6,88.0,82.6,6.5,1,0,0,1,1,5.9,89.4
6.8,66.9,47.4,5.8,1,1,1,2,1,0.9,82.0
3.1,75.4,72.3,6.8,0,0,0,2,1,7.0,65.3
3.2,88.3,82.7,7.1,0,1,0,1,1,6.4,64.9
3.5,90.2,72.2,4.2,0,1,1,0,1,3.4,74.5
1.6,76.5,62.0,5.8,1,1,1,0,1,4.6,65.6
2.3,79.1,57.1,6.2,0,1,1,1,1,4.0,67.8
2.2,61.8,80.5,6.8,0,1,0,1,1,7.9,68.1
2.6,75.7,43.7,8.1,0,0,0,2,1,2.4,61.6
3.9,90.7,50.4,5.5,1,0,0,0,0,4.3,68.1
4.4,86.9,59.0,5.9,0,1,0,2,1,3.1,82.7
6.8,86.0,83.6,5.8,0,1,0,1,1,1.1,100.0
2.2,80.6,70.7,5.5,1,1,1,1,1,8.4,65.9
5.8,80.1,50.5,6.0,1,1,1,1,1,1.6,77.0
3.6,72.1,60.3,7.5,1,1,0,0,1,4.4,72.1
3.9,88.4,55.8,5.1,0,1,0,3,1,0.5,91.3
5.2,85.1,54.4,7.1,1,1,1,0,1,3.2,78.7
2.0,85.9,79.7,4.3,1,1,0,1,1,4.8,74.1
4.7,73.7,44.4,5.8,0,1,0,2,0,2.4,75.9
4.3,54.2,89.1,6.1,1,1,0,2,1,5.2,80.2
4.9,93.2,77.4,8.7,0,1,0,1,1,3.5,88.9
4.5,74.3,81.4,6.1,1,0,1,1,1,6.3,72.9
8.4,69.6,58.1,3.6,0,1,0,2,1,6.7,80.7
2.9,88.3,62.8,3.9,1,1,0,3,0,2.8,75.4
3.0,75.3,43.5,6.5,0,1,0,3,0,4.2,67.7
2.9,92.7,57.1,7.3,1,1,1,1,1,4.4,77.3
3.0,87.4,72.4,7.0,0,1,1,3,1,5.2,77.7
2.9,88.2,84.4,6.7,1,1,0,0,1,4.0,79.9
6.1,63.6,48.4,8.0,1,1,0,0,1,4.4,76.6
6.6,94.5,59.5,5.8,0,1,0,2,0,3.5,89.2
3.0,83.1,62.7,7.7,1,1,0,0,0,4.2,62.0
2.5,75.6,44.1,4.4,1,1,0,0,1,6.6,51.4
4.8,81.7,73.9,5.3,0,1,0,0,1,5.3,80.1
3.0,58.7,54.1,4.2,0,1,0,1,1,5.4,45.4
5.1,84.9,62.1,6.1,0,0,0,2,1,5.4,63.8
4.4,67.6,58.2,6.4,0,1,0,2,1,3.7,79.8
1.3,63.8,53.2,6.6,0,0,1,0,0,4.6,51.1
6.8,61.7,64.9,6.6,0,0,0,1,1,1.8,82.9
7.2,93.4,61.8,5.3,0,1,0,3,1,6.5,83.5
2.9,72.4,59.4,6.3,0,1,1,2,0,0.0,76.1
3.3,98.4,54.1,4.6,0,0,0,1,1,3.8,71.0
4.5,73.6,69.8,8.3,1,1,1,3,1,6.3,72.6
4.6,59.5,89.8,6.1,1,0,0,2,1,1.3,89.1
5.2,66.6,67.1,5.9,0,1,0,0,1,4.8,71.0
7.6,94.8,79.9,8.6,1,1,1,0,1,2.6,100.0
3.7,78.1,44.1,4.9,1,1,0,0,0,3.3,58.4
2.6,73.4,67.4,5.0,1,1,1,2,0,5.9,53.5
1.5,81.9,48.5,5.1,0,1,0,0,0,4.4,55.0
2.7,86.0,42.8,6.4,0,1,0,1,1,0.0,69.6
3.9,93.4,53.9,7.1,1,1,0,0,0,2.0,72.8
7.2,97.4,82.9,7.5,1,1,0,3,1,6.0,100.0
3.1,75.7,79.3,9.8,1,1,0,1,0,4.9,65.1
4.4,64.1,68.6,3.6,1,1,0,3,1,7.5,64.7
4.0,75.0,42.0,7.3,0,1,0,3,0,7.4,57.6
6.1,83.1,62.1,5.8,0,1,0,0,1,3.3,78.3
8.5,68.4,69.5,5.7,0,0,1,1,0,9.0,80.7
3.0,68.5,67.6,5.7,0,1,0,0,1,4.0,65.0
3.1,84.1,37.3,5.3,1,1,1,3,1,2.1,70.3
5.9,79.4,51.6,8.7,0,1,0,1,1,2.7,75.5
5.2,80.4,64.0,7.6,0,1,0,0,0,0.0,89.7
7.3,70.9,73.0,6.5,1,1,1,0,0,7.2,96.1
5.1,77.2,32.1,8.3,0,0,0,1,1,7.2,63.4
3.4,68.9,62.6,4.5,1,1,0,3,1,2.0,67.6
5.1,90.7,67.1,4.8,1,1,0,2,1,3.5,93.3
6.0,92.4,77.7,3.7,1,1,0,3,1,4.2,83.4
5.5,57.8,75.4,5.6,0,1,0,1,1,2.1,74.1
4.9,68.8,73.7,6.7,0,1,1,0,1,0.5,76.8
5.9,62.0,53.0,6.6,0,1,0,3,1,3.6,69.1
6.1,72.2,36.4,6.7,0,1,1,0,1,3.4,70.6
6.5,79.0,59.1,4.7,0,0,0,3,0,3.2,75.1
5.2,62.6,80.0,7.5,1,1,0,1,1,4.4,78.6
3.7,68.9,85.9,6.8,0,1,0,0,0,6.9,66.1
4.3,68.0,75.7,7.5,1,1,1,2,1,3.4,78.1
6.2,82.5,71.4,4.0,0,0,1,3,1,4.3,85.0
2.5,80.8,70.7,6.9,1,1,0,3,1,5.5,71.6
4.7,71.3,56.7,5.0,1,1,0,0,1,5.1,71.4
3.3,82.1,63.0,6.0,0,1,0,0,1,2.8,68.1
4.1,73.4,90.0,7.2,0,1,0,1,1,4.2,84.0
6.3,76.7,50.9,6.6,1,1,0,2,1,5.1,83.1
4.3,100.0,89.2,5.4,1,1,1,2,0,1.7,97.9
4.1,96.1,60.2,6.5,1,1,0,0,0,6.5,79.4
1.6,64.4,84.9,4.5,0,1,1,3,1,6.9,58.1
5.3,90.0,43.9,8.0,0,0,0,2,0,2.6,73.9
5.2,89.7,73.8,6.2,1,0,0,2,1,4.4,95.5
7.9,66.2,53.9,8.0,1,1,0,1,1,5.3,81.1
3.4,89.8,43.8,5.8,0,0,1,1,1,2.9,52.3
4.4,98.5,68.3,5.8,1,1,1,3,1,5.0,87.7
4.4,66.5,80.1,5.5,0,0,0,1,1,4.3,71.8
6.8,69.0,52.3,7.6,0,0,0,3,1,1.1,68.7
3.8,92.2,42.5,5.6,0,1,0,3,1,4.9,79.9
4.5,83.3,63.6,7.3,0,0,0,2,0,1.8,72.9
5.1,86.6,63.7,6.0,0,1,0,1,1,5.9,78.4
4.3,84.1,73.2,3.9,0,0,1,0,1,2.7,74.4
3.2,84.7,79.2,5.8,0,1,0,0,1,3.7,65.2
4.3,64.1,64.1,5.0,1,1,1,0,1,6.7,59.1
5.9,92.6,92.8,6.5,1,1,0,0,1,5.0,86.1
2.2,94.0,68.4,5.0,1,1,0,1,1,1.8,80.5
4.2,77.2,59.8,7.7,1,0,1,1,1,2.0,76.8
2.7,79.5,40.8,6.4,0,1,0,1,1,2.8,58.4
6.2,61.6,61.1,6.3,1,1,1,1,0,4.8,69.7
1.3,86.2,60.0,7.4,1,1,0,0,1,4.7,68.8
3.0,86.9,79.4,7.8,0,1,0,0,1,2.3,85.7
4.7,79.3,71.9,6.5,0,1,1,2,0,1.7,90.5
6.8,93.5,47.3,5.5,0,1,1,1,1,4.6,88.2
3.9,76.0,67.6,4.2,1,1,0,1,0,3.6,70.6
3.0,86.8,75.1,5.6,0,1,0,2,1,8.3,62.5
7.4,67.8,87.9,5.7,1,0,1,2,1,4.1,92.0
1.4,79.7,78.3,6.6,1,1,1,1,1,7.6,61.7
0.0,77.9,76.4,6.1,1,0,0,2,1,1.7,52.1
4.8,82.7,65.9,7.4,1,1,1,3,0,0.9,95.3
3.1,75.6,70.8,5.7,1,1,0,2,0,1.8,68.4
2.2,78.4,83.7,6.4,0,1,0,1,1,6.4,74.4
5.3,89.9,45.0,8.0,0,1,0,2,1,7.5,80.5
4.4,74.8,59.8,6.9,1,1,0,0,1,2.4,76.4
3.0,60.7,53.4,6.4,0,0,1,1,1,3.1,64.3
1.7,100.0,70.7,5.7,0,1,0,3,1,1.7,74.8
5.6,96.6,83.5,5.7,0,1,1,1,1,0.4,100.0
5.2,64.5,56.0,5.4,1,1,0,3,1,5.4,73.0
3.8,88.3,29.1,5.8,0,1,1,1,0,4.4,65.3
7.3,74.0,58.8,7.5,1,1,1,3,1,4.0,89.0
2.1,83.2,78.7,6.2,0,1,0,1,1,1.2,67.9
1.3,83.5,73.1,4.7,0,1,0,0,0,7.3,57.2
2.8,77.2,71.4,8.8,1,1,0,1,1,3.0,75.5
3.9,70.6,60.8,6.9,0,1,1,1,1,5.1,65.3
4.4,71.7,45.8,4.7,1,1,1,0,1,1.1,61.4
3.6,69.0,72.7,5.9,1,1,0,2,1,3.6,65.7
4.6,70.0,52.5,6.6,1,1,1,1,0,4.6,76.7
1.7,79.2,97.8,8.7,0,1,0,2,1,4.7,72.9
6.6,71.4,73.6,5.1,1,0,0,1,0,4.3,76.5
3.9,88.2,56.3,7.8,1,1,1,0,1,5.0,83.9
6.0,97.8,55.8,8.3,1,1,0,3,1,1.7,89.0
4.6,73.0,63.6,5.7,0,0,1,1,1,4.4,67.8
4.8,82.9,61.4,6.1,0,1,0,2,0,4.2,70.6
5.0,86.0,81.8,5.2,1,1,0,2,1,4.5,95.6
4.8,85.7,67.8,6.2,1,1,0,1,1,4.1,92.1
5.2,80.9,54.0,6.5,0,1,0,3,1,1.5,87.2
6.4,88.9,93.4,7.4,0,1,1,2,1,1.4,100.0
4.4,85.8,65.7,7.9,0,1,0,1,0,0.0,77.6
5.3,65.1,76.5,5.5,0,1,0,3,1,5.6,89.5
3.8,90.4,55.9,3.9,0,1,0,0,1,5.7,67.4
6.6,90.6,70.4,6.5,0,1,0,1,1,5.7,92.1
2.8,70.8,69.7,6.9,1,1,1,3,1,4.6,74.0
7.2,80.5,36.7,6.8,0,1,0,2,1,0.0,84.2
3.9,88.2,95.2,6.1,1,1,0,2,1,1.9,100.0
1.4,77.5,84.4,6.7,0,1,1,2,1,4.3,75.2
4.2,92.9,59.0,8.5,0,0,0,2,0,4.3,84.7
2.8,100.0,48.5,7.0,0,1,1,3,0,3.6,77.5
5.5,70.6,70.2,6.0,0,1,0,1,1,4.7,71.0
2.8,63.4,66.3,5.8,1,1,0,0,0,4.0,55.0
3.2,83.6,70.3,6.3,1,1,1,1,1,4.2,77.1
0.6,88.7,67.9,8.6,0,1,1,2,1,2.7,68.0
3.2,77.2,72.6,6.3,0,0,0,0,1,6.0,57.2
0.0,97.4,86.7,6.5,0,1,0,0,1,3.1,74.9
1.1,63.9,73.5,5.9,1,1,0,1,1,1.3,58.8
5.4,88.3,49.3,7.9,1,1,0,3,0,2.5,84.7
5.4,72.7,85.4,9.0,0,1,1,2,1,3.3,93.0
4.8,100.0,89.6,7.1,1,1,0,1,0,6.0,84.2
2.3,100.0,100.0,6.6,1,1,0,0,1,3.9,91.6
3.9,70.8,48.1,6.5,0,0,1,1,1,3.6,59.1
4.0,73.4,68.6,3.4,0,1,0,0,1,1.5,70.9
1.9,90.3,33.8,7.5,1,1,0,0,1,5.6,58.2
6.7,75.4,73.3,6.7,1,1,1,3,1,2.7,95.7
5.6,79.5,56.8,7.1,0,1,1,3,1,3.8,77.6
3.6,80.3,93.9,5.6,0,1,0,0,1,7.0,78.2
4.0,57.0,53.4,6.0,0,1,0,0,1,5.0,61.8
4.4,79.8,39.7,6.0,0,1,0,1,1,0.7,66.7
0.3,71.7,57.9,7.8,1,0,0,1,1,0.5,62.1
3.6,74.1,35.4,6.0,0,1,0,0,0,3.9,57.5
2.8,97.3,76.3,9.2,1,1,1,1,0,1.6,77.8
2.2,64.9,34.0,7.1,1,1,1,0,0,5.3,44.5
3.5,89.8,65.4,4.8,0,1,1,2,0,4.1,81.9
7.2,76.7,33.8,6.3,0,1,0,2,1,4.3,79.3
5.2,76.6,60.2,5.7,0,1,1,2,1,2.6,78.1
3.0,89.5,89.7,3.6,1,1,0,1,1,7.5,68.1
5.0,84.1,70.4,8.6,0,1,0,3,1,9.7,76.4
6.5,86.8,52.0,7.4,1,1,0,3,1,3.4,86.9
5.7,91.6,64.5,7.2,1,0,0,0,1,4.7,76.1
4.1,76.0,65.3,6.7,0,1,1,0,1,4.2,62.4
2.8,72.7,72.1,4.7,1,0,0,1,1,3.5,72.5
5.3,67.0,44.5,5.9,1,1,0,0,1,2.3,74.4
4.7,70.1,73.9,7.6,0,1,1,1,1,1.8,74.5
5.6,100.0,24.4,5.1,0,0,0,1,1,1.7,74.8
5.1,94.9,55.6,3.2,1,0,1,1,1,4.8,72.4
5.9,63.8,57.7,6.2,1,0,0,1,0,3.0,69.5
3.0,64.1,74.5,6.3,0,1,0,1,1,0.0,68.9
6.4,85.8,65.3,6.7,0,0,1,3,1,4.9,87.0
4.4,86.6,43.9,7.4,0,1,0,0,1,3.9,81.5
7.7,86.6,50.2,7.3,1,0,0,2,1,6.7,82.8
2.8,76.9,68.0,6.8,0,1,0,0,1,4.7,60.1
7.1,78.5,63.8,8.1,0,1,0,0,1,1.0,84.0
4.4,83.9,56.3,4.5,1,1,0,1,1,0.0,84.1
2.8,81.0,57.8,7.2,0,0,0,0,1,2.6,54.6
3.1,53.4,75.4,7.3,1,1,0,0,1,2.7,60.3
3.4,77.2,57.2,4.9,0,1,1,0,1,5.9,72.4
4.8,69.8,63.7,4.5,1,1,0,1,0,4.0,70.6
4.9,82.1,97.5,5.5,0,1,0,2,1,6.3,86.5
3.0,100.0,43.6,5.6,1,1,0,0,0,1.4,81.3
4.0,84.4,37.2,7.5,1,1,1,2,1,5.9,73.0
7.9,76.2,76.8,5.7,0,1,1,0,1,5.4,85.4
7.1,91.1,54.8,5.4,0,1,1,2,0,0.0,91.8
4.8,85.8,60.2,5.7,0,1,1,1,1,6.6,68.8
4.1,85.0,53.3,8.0,0,0,0,2,1,4.2,80.7
4.2,87.3,61.1,6.5,1,0,0,3,0,4.8,79.0
5.1,100.0,89.0,6.3,1,0,0,3,0,2.3,100.0
2.2,66.4,77.0,6.4,0,1,0,0,1,6.6,65.8
3.5,85.7,77.9,8.2,1,1,0,3,1,1.6,85.1
1.0,68.9,43.8,5.5,1,1,0,0,1,5.7,40.4
4.7,86.7,47.7,8.2,1,0,1,3,1,5.6,79.4
5.2,69.0,22.4,6.8,0,1,1,1,1,2.1,61.9
3.1,75.0,52.9,6.3,0,1,0,1,1,8.0,59.4
6.8,76.5,79.4,9.8,0,1,1,0,1,4.5,98.4
1.8,91.7,72.8,5.1,0,1,0,0,1,5.3,63.7
1.4,91.0,61.7,6.0,0,1,0,2,1,0.9,71.5
4.4,65.1,64.7,4.9,0,1,0,3,1,8.2,65.9
5.9,80.7,54.7,7.7,0,1,0,2,1,1.6,89.5
7.0,71.5,68.1,8.7,1,1,0,2,1,6.0,83.0
3.2,64.9,76.5,8.7,0,1,1,2,1,2.0,64.8
5.9,77.4,40.8,8.1,0,1,0,1,0,2.8,76.4
3.9,76.3,69.5,6.2,0,1,0,0,1,5.6,73.9
3.7,100.0,79.0,6.0,0,1,0,0,1,6.1,80.1
5.6,85.2,58.8,4.3,1,0,0,1,1,1.5,76.1
5.2,63.5,75.5,9.1,0,1,1,0,1,6.2,69.4
1.2,73.2,100.0,7.1,0,1,0,0,1,6.1,68.0
6.7,92.3,63.4,5.9,0,1,1,0,1,2.1,91.6
6.5,100.0,70.9,8.2,0,1,1,0,1,7.2,90.0
2.9,61.0,53.9,5.2,0,1,0,3,0,1.1,73.5
4.7,57.4,67.7,7.0,1,1,0,0,1,2.8,64.5
4.9,100.0,71.9,6.3,0,1,1,1,1,5.0,97.9
4.5,84.7,67.9,7.3,0,1,1,1,1,2.3,83.8
3.0,69.6,49.7,6.4,0,1,0,1,1,4.5,48.7
2.8,86.4,68.1,4.6,0,1,1,0,1,4.5,68.1
4.0,48.4,86.9,6.6,1,1,1,1,0,3.6,76.8
6.1,80.0,71.7,7.9,1,0,0,0,1,5.7,78.2
5.0,83.9,79.4,6.5,1,1,0,1,0,3.5,73.6
3.3,91.1,61.4,7.5,0,1,1,0,1,4.5,73.1
5.4,67.8,76.2,5.1,0,1,0,1,1,6.3,68.2
0.0,81.0,69.2,6.5,1,1,0,2,1,5.6,62.3
6.1,68.9,50.7,5.7,1,1,0,1,1,5.6,76.8
0.9,83.1,69.8,7.5,0,0,0,1,1,1.7,58.2
3.3,69.3,50.1,6.5,0,1,0,1,0,5.0,53.8
2.0,75.1,55.5,7.4,0,1,1,2,1,2.2,73.1
1.7,68.1,67.8,7.9,0,0,0,0,0,1.4,53.0
6.1,87.8,69.5,7.4,0,0,0,2,0,3.9,78.2
3.2,90.3,47.2,6.9,0,1,0,2,0,2.2,63.3
4.6,77.2,80.8,5.2,1,1,0,1,1,5.6,79.3
3.9,80.5,73.6,6.5,0,1,0,1,1,5.6,75.1
4.9,62.6,54.4,5.8,0,1,0,1,1,0.2,67.5
4.1,76.4,41.9,6.1,0,1,0,0,1,2.3,64.8
1.7,79.4,62.8,6.0,1,1,0,0,0,1.1,71.6
5.8,100.0,58.3,5.2,0,1,0,0,1,3.1,77.2
3.1,66.7,66.7,4.0,1,1,0,0,0,4.9,46.2
1.2,97.6,59.6,5.6,0,1,1,1,1,3.5,71.1
3.2,92.0,34.9,6.8,1,1,0,2,0,2.8,67.2
6.7,83.4,59.2,4.7,0,1,0,0,1,6.6,71.9
5.5,100.0,60.4,6.5,0,1,1,3,1,0.0,100.0
3.4,84.5,74.5,9.0,0,0,0,3,1,6.5,81.8
3.4,84.7,54.5,7.8,0,0,0,3,1,2.9,60.9
3.4,79.4,90.2,8.6,0,1,0,2,1,3.8,78.6
7.7,94.7,36.3,7.0,1,1,0,1,0,2.9,99.9
4.7,93.2,84.7,8.0,0,0,1,0,1,7.1,86.3
4.8,72.5,61.6,5.6,0,1,1,1,1,1.5,82.0
5.9,64.2,77.9,5.7,0,1,0,1,0,4.0,82.9
4.4,77.6,66.2,3.0,1,1,0,2,1,5.1,72.7
3.5,70.4,82.1,8.0,1,1,0,3,0,0.8,86.6
3.6,79.2,59.2,8.5,1,1,1,1,1,2.2,82.6
3.9,94.8,48.5,5.8,0,1,1,1,0,3.7,76.1
3.9,74.5,86.3,6.2,1,1,0,0,1,2.2,76.4
5.3,79.5,63.3,5.5,1,1,0,0,1,2.4,79.0
4.1,80.7,68.3,7.0,1,0,0,1,0,3.3,69.5
5.3,90.2,83.5,8.0,0,1,0,1,1,5.3,87.6
3.9,53.0,49.5,4.2,0,1,0,2,1,3.3,52.0
4.1,72.7,73.9,7.0,0,0,0,1,1,6.2,64.4
0.4,82.5,56.2,6.1,0,1,0,3,1,2.0,60.9
5.6,94.4,63.0,6.6,1,1,1,2,1,1.5,88.5
4.6,74.1,66.1,7.1,0,0,1,2,1,7.9,69.5
5.8,57.5,42.5,6.3,0,0,0,0,0,2.7,59.7
0.0,87.4,53.3,6.4,1,1,0,3,0,1.4,64.3
7.8,72.4,85.3,6.2,1,1,1,2,1,0.5,100.0
3.7,65.7,78.3,7.8,0,1,0,0,0,6.2,61.8
6.0,72.5,64.1,7.0,1,0,0,0,1,3.3,85.2
2.1,77.8,68.6,6.8,0,1,0,3,1,3.5,76.3
5.1,72.7,60.6,4.8,1,1,0,0,1,3.7,74.5
2.1,53.5,85.3,6.0,1,1,0,1,0,6.0,58.6
2.9,90.8,62.0,7.7,0,1,0,1,1,3.6,75.0
7.4,95.3,68.5,6.5,1,1,0,2,1,8.7,98.3
3.7,87.8,82.2,7.4,1,1,0,2,0,4.3,88.7
4.4,66.3,53.3,8.8,0,0,0,1,1,6.1,72.1
5.6,77.6,88.4,7.9,0,1,0,1,1,5.6,85.6
4.9,79.9,42.0,6.6,1,1,1,3,0,3.9,79.8
4.3,87.2,89.4,5.8,0,1,0,2,1,2.8,95.1
4.7,88.0,59.4,3.2,0,1,0,3,0,4.7,70.6
8.3,71.2,61.4,6.3,1,0,0,1,1,5.0,82.9
3.9,81.0,36.6,6.1,1,1,0,0,1,2.9,64.7
4.4,85.5,58.2,7.0,0,1,0,1,1,4.3,80.1
5.9,97.5,49.4,6.3,0,1,1,2,1,6.5,89.6
6.0,88.5,55.9,6.1,0,0,0,0,1,8.1,70.2
6.1,89.5,62.9,4.2,0,1,0,1,1,5.7,70.7
5.1,81.0,79.4,5.3,0,1,1,0,1,7.7,78.4
1.9,96.9,68.1,7.1,1,1,0,1,0,2.7,66.8
6.9,84.9,69.6,8.7,0,1,0,2,0,5.4,79.6
1.9,69.7,48.6,6.4,0,1,0,0,1,6.7,42.2
4.5,96.8,51.8,6.9,0,1,0,2,1,2.2,83.9
2.6,88.4,92.0,7.7,1,1,1,3,0,3.0,95.3
3.9,74.7,54.0,5.4,0,1,0,0,0,7.5,57.1
4.6,74.2,89.8,7.0,0,1,0,2,1,2.0,87.5
4.6,83.6,61.4,5.5,0,1,1,3,1,1.3,92.6
4.8,85.6,65.0,7.6,1,1,0,3,1,7.1,72.1
6.9,82.4,81.1,6.7,1,1,0,0,1,6.4,90.3
4.8,83.7,84.1,6.9,0,1,0,0,1,4.9,80.3
3.6,100.0,63.3,5.5,0,1,0,0,1,3.9,78.0
5.7,92.9,59.2,7.4,0,1,1,2,1,3.1,87.3
6.1,82.3,64.2,9.2,0,1,1,2,0,4.6,82.3
1.8,91.3,70.1,5.2,0,1,0,2,1,7.2,66.6
5.1,67.6,78.4,6.1,0,0,0,1,1,4.5,84.1
5.3,84.8,65.1,6.8,0,1,0,0,1,8.3,77.8
3.5,100.0,74.3,7.5,0,1,0,1,0,2.2,78.5
6.5,77.4,89.6,5.8,0,0,0,1,1,4.0,79.1
3.7,69.8,70.7,3.0,1,1,0,2,0,3.3,58.0
4.2,72.2,69.7,8.3,0,1,1,1,0,1.8,85.7
3.7,66.9,42.2,7.5,0,0,1,1,1,3.7,57.0
4.0,70.6,25.5,4.2,0,1,0,1,1,4.8,52.3
2.0,75.6,70.8,5.7,1,1,0,0,1,5.0,69.8
1.4,63.1,63.6,8.5,1,0,0,1,1,8.3,42.1
6.9,80.2,57.3,8.4,0,1,1,0,1,4.9,93.6
2.5,90.8,68.7,7.7,0,1,1,1,1,6.3,71.3
2.2,69.1,64.1,6.3,0,1,1,0,1,4.1,54.9
0.1,98.2,81.9,6.6,0,0,0,0,0,7.4,55.5
2.8,86.1,66.3,6.3,0,1,0,2,1,8.8,61.8
1.6,92.4,53.8,8.0,1,1,0,1,1,5.1,68.2
7.0,72.1,79.9,5.4,0,1,0,2,0,2.0,84.5
5.8,90.3,61.7,5.5,1,1,0,2,1,2.9,75.7
2.8,66.9,72.9,7.8,0,1,0,1,1,4.6,65.0
8.1,90.7,57.8,6.4,1,0,0,3,1,4.9,86.2
5.8,82.1,55.3,8.3,1,1,0,0,1,5.4,79.0
3.4,86.6,66.3,5.6,0,1,0,2,1,4.9,66.0
0.0,65.9,65.2,6.4,0,1,0,3,0,4.0,50.1
8.1,69.3,72.2,5.3,0,1,0,3,0,2.7,92.0
1.5,87.2,61.0,6.5,0,1,0,0,1,4.8,59.3
1.0,68.6,37.5,4.6,0,1,0,1,1,7.7,42.7
5.8,85.6,58.5,5.9,1,1,0,0,1,6.0,80.6
8.4,63.6,76.9,4.6,0,0,0,2,1,5.1,79.0
6.5,90.2,60.5,7.4,1,1,1,2,1,6.1,90.2
5.0,65.2,61.3,7.4,0,1,0,1,1,3.3,52.8
5.1,86.6,79.8,4.3,1,1,0,1,0,3.0,83.7
5.5,87.5,54.3,8.2,0,1,0,2,0,2.5,80.4
5.4,71.6,41.9,9.7,1,1,1,1,1,3.7,71.5
4.5,87.0,62.6,6.6,0,1,0,3,1,3.2,84.2
4.2,83.1,57.7,5.7,0,1,0,2,1,6.4,77.9
3.9,73.5,50.5,10.0,1,1,0,0,1,3.0,67.5
2.6,67.9,62.4,4.8,0,1,1,2,1,2.4,61.8
3.5,56.4,72.4,6.5,1,1,1,0,1,7.9,63.0
1.0,84.2,64.9,6.7,1,0,0,1,1,3.1,54.7
3.8,61.2,69.6,8.2,0,0,1,3,1,4.3,69.8
2.2,81.1,92.2,7.0,0,1,1,3,1,4.9,88.0
2.0,76.8,59.9,5.9,1,0,0,1,1,1.7,64.1
4.3,88.1,69.2,5.3,0,1,0,1,0,6.5,60.0
6.5,76.4,57.4,6.1,1,0,0,0,1,5.3,64.3
5.7,76.0,52.3,5.2,1,1,1,1,1,7.1,74.9
1.2,88.8,56.2,6.6,0,0,0,0,1,2.6,64.5
2.2,84.0,57.8,5.8,0,1,1,1,1,4.2,56.9
5.7,83.8,70.4,4.6,1,1,0,0,1,4.1,82.8
2.2,85.6,100.0,8.1,0,1,0,1,0,4.5,84.4
3.6,61.6,54.3,5.9,0,1,1,0,1,1.1,76.9
5.0,89.1,58.8,4.9,0,1,0,3,0,4.2,80.3
2.3,87.3,64.1,6.3,0,1,0,2,0,1.1,74.4
4.2,67.8,70.9,6.6,0,0,0,1,1,4.7,55.7
1.6,77.1,69.0,4.2,0,1,0,0,1,0.0,76.1
2.9,79.5,84.3,6.9,1,1,0,1,1,0.3,77.2
4.6,78.4,28.6,5.1,0,1,0,0,1,5.6,52.6
1.1,84.0,29.2,8.7,0,0,0,1,1,2.9,51.7
4.8,97.2,57.6,7.2,1,1,1,2,0,2.0,96.8
4.0,93.0,81.5,6.0,1,1,1,2,0,6.5,96.1
5.0,64.3,41.5,5.5,1,1,0,2,1,4.7,67.0
4.4,87.5,20.0,6.4,0,1,1,1,0,5.7,67.9
6.5,95.9,73.6,7.3,1,1,0,3,1,3.7,99.0
4.2,84.6,68.7,6.5,0,1,0,3,1,9.4,67.7
3.2,93.1,48.6,6.2,0,1,0,1,1,2.8,79.3
4.2,100.0,50.2,6.6,0,1,1,1,0,7.5,68.7
5.0,92.3,50.5,5.7,0,1,1,1,1,3.9,88.6
4.1,83.0,66.7,6.1,1,1,0,0,1,0.7,85.9
4.1,92.5,55.6,3.8,0,0,0,2,0,5.0,72.0
2.7,81.7,72.4,7.8,1,1,0,1,1,4.6,83.4
2.8,80.3,22.2,6.9,1,1,0,0,1,1.9,71.0
1.5,75.8,52.1,5.5,1,1,0,0,1,2.2,56.6
7.1,98.8,48.1,9.0,0,1,0,1,1,4.0,85.4
1.8,70.2,61.2,6.6,1,1,1,3,0,4.7,53.6
2.8,98.4,56.9,5.2,0,0,0,1,1,0.0,87.2
2.7,86.0,77.0,7.6,0,1,1,2,1,6.1,74.2
5.6,63.2,37.1,7.0,1,1,0,1,0,3.0,73.1
3.5,84.4,65.7,7.0,0,1,0,1,1,1.3,72.2
6.2,54.8,73.4,5.9,0,0,1,1,0,5.9,80.5
2.8,87.5,92.8,7.1,1,0,1,2,1,4.0,80.0
4.5,90.6,57.8,6.2,0,1,0,0,0,6.4,61.3
2.5,72.9,69.9,7.2,1,1,0,1,1,4.9,65.5
7.9,81.5,37.9,4.0,0,1,1,1,1,4.0,78.8
1.9,100.0,29.1,5.9,0,1,0,1,1,3.7,63.7
4.6,73.9,77.7,8.7,0,1,0,3,1,5.0,82.4
5.1,67.3,64.9,5.5,0,1,0,0,1,3.2,74.6
4.7,97.8,82.7,5.7,0,1,1,1,1,2.3,90.0
3.7,100.0,44.4,5.9,1,0,1,1,1,5.2,68.8
3.8,80.0,72.8,4.9,0,1,1,3,1,3.7,77.0
4.1,92.1,93.0,3.6,1,0,0,1,1,4.1,94.5
3.7,96.1,71.3,6.2,0,1,0,2,1,6.2,79.6
5.7,71.1,69.1,6.7,0,1,0,3,1,3.8,71.2
8.0,74.2,65.1,6.4,1,1,1,1,1,4.0,89.0
3.0,94.8,41.4,6.3,1,1,0,1,0,2.8,67.8
1.5,100.0,85.3,6.6,0,1,0,1,1,4.9,85.6
3.8,86.8,55.8,7.8,1,0,0,2,0,4.7,77.6
8.6,69.4,72.6,6.3,1,1,0,0,1,5.8,82.0
2.6,100.0,41.6,5.8,0,0,1,1,0,2.8,80.9
7.0,73.6,47.3,6.1,1,1,0,2,1,3.1,82.2
7.0,76.0,86.5,7.3,0,1,1,1,1,5.6,99.9
3.0,84.1,59.8,8.3,1,1,0,1,1,4.5,64.5
5.0,98.6,86.8,5.7,1,1,1,1,1,2.2,81.8
6.9,90.2,63.8,6.6,1,1,1,0,1,6.6,78.9
3.3,85.0,37.4,6.9,0,1,0,1,1,0.6,48.8
3.6,85.6,78.4,5.2,0,1,1,1,1,5.6,89.4
3.0,80.5,56.2,6.5,1,1,0,3,1,1.5,76.7
2.2,86.7,75.5,4.6,0,1,1,1,1,7.8,61.3
2.8,49.6,65.4,4.2,0,0,1,3,1,0.9,67.0
1.8,76.4,41.9,7.0,1,1,1,2,0,6.3,58.4
4.1,82.9,67.5,6.0,0,1,0,0,1,3.8,76.4
2.6,66.2,97.9,6.8,0,0,0,2,1,3.3,80.8
4.4,84.6,72.4,6.5,0,1,0,0,1,4.4,74.0
1.2,77.5,64.1,5.2,0,1,0,3,1,5.3,56.0
4.6,100.0,81.1,6.4,1,0,1,3,1,2.2,100.0
5.5,98.9,68.2,4.9,1,1,1,1,1,2.4,96.5
0.4,74.4,68.1,8.3,0,1,1,1,0,5.3,58.2
4.7,78.2,48.6,4.7,1,1,0,1,1,0.6,87.3
6.2,79.1,68.5,6.2,1,1,1,1,0,2.8,83.5
1.8,74.6,80.5,5.1,1,1,1,1,1,10.1,56.1
7.0,82.3,52.5,7.2,0,0,1,1,1,2.1,89.4
4.8,70.9,86.4,6.1,1,1,0,2,0,6.3,73.3
2.7,66.4,63.6,5.8,0,1,0,0,1,2.8,63.9
3.9,87.5,51.7,7.6,1,1,0,2,1,5.0,69.8
5.0,87.6,80.0,6.5,1,1,0,2,0,5.3,81.4
4.1,70.3,60.7,7.2,0,1,0,1,1,6.3,77.8
5.0,90.7,76.4,5.2,1,1,1,3,0,3.6,87.4
2.3,72.4,60.6,4.7,0,1,0,0,1,8.0,47.7
4.3,83.0,64.1,6.6,1,1,0,0,1,2.8,83.0
1.5,89.8,72.4,6.1,0,1,0,2,1,4.5,62.9
3.8,79.6,69.4,7.3,1,1,1,1,1,4.5,73.9
2.4,85.5,35.1,6.4,0,1,1,1,1,1.8,68.4
2.7,73.8,48.2,6.8,0,0,1,3,0,3.4,69.9
6.2,77.6,78.9,4.4,0,1,0,3,1,4.3,94.5
6.0,77.5,63.0,9.0,0,1,0,2,1,3.1,81.5
5.1,71.0,57.1,6.3,0,1,1,2,0,8.9,71.7
2.0,77.9,44.6,7.4,1,1,0,0,1,2.3,57.4
3.4,61.4,48.8,5.4,0,1,0,0,0,6.4,46.4
6.2,74.1,34.7,6.9,0,1,0,2,1,5.7,78.7
4.3,76.6,63.5,4.8,0,1,0,1,1,4.0,67.4
8.2,76.9,56.0,7.1,1,1,1,1,1,2.3,95.8
4.7,77.1,50.5,6.0,1,0,0,1,1,2.5,72.4
4.3,79.3,64.0,6.5,1,0,0,2,1,3.0,70.2
3.4,85.8,70.5,7.4,1,1,0,0,0,0.4,82.4
4.2,90.5,96.4,4.9,0,1,0,2,1,2.0,93.3
3.7,72.2,42.3,5.6,0,1,0,0,1,1.0,50.9
5.3,65.6,82.4,7.1,0,1,0,0,1,6.7,75.2
5.7,67.5,79.6,9.2,1,1,0,1,1,5.2,78.4
2.6,74.2,53.3,6.3,1,1,0,0,0,5.6,62.6
1.6,75.8,68.0,7.3,0,1,0,3,1,5.2,57.3
0.7,70.8,58.1,6.4,0,0,0,0,0,4.3,44.5
4.9,64.4,67.8,9.0,0,1,0,0,0,6.9,68.6
2.0,74.5,87.6,4.2,0,1,0,1,1,2.8,68.8
0.1,82.2,74.1,6.6,1,1,1,1,0,4.2,66.5
4.7,87.1,72.6,4.4,0,1,0,0,0,5.5,62.6
8.5,73.3,58.5,3.2,1,1,0,0,1,1.4,96.5
4.0,75.0,42.7,6.9,0,0,0,3,0,10.2,59.9
5.5,68.9,61.9,6.7,1,1,1,2,0,4.1,86.9
4.1,79.6,83.1,6.1,1,0,0,1,0,4.3,80.1
3.8,69.8,42.1,6.4,1,0,0,1,0,6.5,55.2
5.7,86.9,49.2,10.0,1,1,1,1,1,5.8,76.1
3.5,58.6,66.9,6.2,1,0,1,1,1,4.1,62.6
4.5,75.7,50.2,7.2,1,1,1,2,1,4.3,85.7
4.6,83.6,53.1,5.7,1,1,0,3,1,1.0,90.4
2.8,82.2,58.6,6.9,1,1,0,0,0,2.9,61.7
5.8,100.0,44.5,6.2,1,0,0,2,0,5.0,62.0
3.7,84.2,50.4,6.0,1,1,1,0,0,4.9,65.6
2.6,68.0,75.6,8.9,1,1,0,0,1,6.4,63.1
5.0,78.9,45.4,8.0,1,1,0,0,1,3.8,70.6
2.4,58.7,41.0,6.7,0,1,1,0,1,1.2,59.4
4.1,79.0,55.5,3.5,0,1,1,3,1,6.1,76.8
4.0,70.0,76.0,6.0,0,1,1,1,0,6.9,74.9
6.0,91.0,62.0,10.0,0,1,1,0,1,5.8,89.3
4.9,73.4,58.0,6.2,1,0,1,3,1,3.7,68.5
4.0,78.6,65.7,7.9,0,1,0,3,1,6.1,73.8
5.5,72.4,38.8,8.4,1,1,1,2,1,10.9,82.4
6.5,100.0,72.4,6.8,0,0,1,3,1,4.2,100.0
5.0,76.1,70.8,5.4,0,1,0,0,1,1.4,79.7
4.0,100.0,58.9,3.3,1,1,0,2,1,2.8,82.0
1.6,89.8,80.1,7.4,1,1,1,2,1,5.3,79.3
2.1,85.8,48.1,5.4,0,1,0,3,1,0.8,55.0
3.5,84.4,81.9,6.7,1,1,1,2,0,4.3,80.1
2.9,84.7,67.3,4.9,1,1,0,1,1,4.8,69.1
3.7,56.9,60.0,6.2,0,1,0,2,1,7.1,67.6
4.1,76.7,64.7,6.5,0,0,0,1,0,6.6,64.5
5.0,90.1,63.4,6.8,1,1,0,1,1,5.7,69.9
3.9,79.4,83.3,5.1,0,0,0,0,0,0.0,77.4
4.9,63.1,48.8,8.1,0,0,0,3,1,5.8,63.0
4.1,79.4,53.6,5.7,0,1,0,1,1,5.4,59.7
0.4,100.0,80.5,4.3,1,1,0,1,1,4.5,62.9
2.3,95.0,56.1,6.4,1,1,0,1,0,0.5,75.1
3.7,79.3,78.5,6.5,1,1,0,3,1,2.4,91.0
1.8,91.4,90.5,6.7,0,1,1,1,1,1.7,84.5
5.1,75.6,59.0,8.3,1,1,0,2,1,0.0,88.9
6.8,59.6,75.2,6.2,0,1,0,3,1,4.0,87.5
6.2,68.9,47.7,6.3,0,1,0,1,1,2.4,75.6
3.6,98.8,76.3,5.1,0,1,0,1,1,9.3,77.0
6.7,76.7,68.0,7.6,0,1,0,2,0,3.7,70.8
4.3,77.1,72.1,6.7,1,1,0,3,0,6.6,76.2
3.4,76.4,55.3,6.0,1,1,1,2,1,0.9,70.2
2.9,100.0,40.1,4.0,0,1,1,0,0,2.9,71.8
3.5,99.5,72.5,8.4,1,1,1,3,1,4.2,89.8
3.3,100.0,34.0,4.9,1,1,0,1,0,2.2,67.5
4.3,78.1,60.2,5.7,1,1,0,1,1,3.2,64.7
4.3,83.5,79.1,7.0,0,1,0,2,1,3.6,89.0
4.0,61.8,67.9,4.9,1,1,1,0,1,3.5,72.4
4.8,97.7,94.2,4.6,0,1,1,2,1,7.7,92.9
6.1,66.0,80.4,3.7,1,1,0,1,0,4.8,71.5
5.7,82.6,55.2,7.4,0,1,0,3,1,5.0,77.5
1.3,66.8,65.4,5.8,1,1,0,0,1,5.1,55.6
0.0,72.9,64.3,10.0,0,1,1,1,1,5.2,54.6
5.7,70.0,41.3,5.2,0,1,1,2,1,3.8,76.1
1.5,72.7,50.9,5.3,1,1,0,0,1,3.4,41.5
3.6,73.5,56.6,5.8,1,1,1,0,1,4.3,64.7
1.9,73.4,34.5,6.8,1,0,0,3,1,6.3,64.7
0.8,90.0,65.7,5.9,1,1,1,1,1,6.3,66.7
5.0,66.7,61.3,7.3,0,1,1,3,1,3.5,81.3
5.4,82.6,39.9,5.2,0,1,1,0,1,5.5,81.5
3.0,94.6,71.1,4.7,0,1,0,1,1,3.6,60.2
0.0,73.8,75.7,4.2,0,1,0,2,0,4.1,49.3
3.0,71.4,68.4,3.6,1,0,0,2,1,3.1,64.0
4.7,77.2,60.1,5.8,1,1,0,1,1,3.6,79.8
1.3,94.2,73.9,6.1,1,1,1,1,1,6.7,75.1
4.3,82.3,75.2,5.7,1,1,0,2,1,4.2,75.4
4.0,73.6,69.6,8.1,1,1,0,0,1,4.3,78.7
5.0,85.8,52.6,8.1,0,1,1,1,1,1.1,81.6
4.2,66.8,69.1,6.1,0,1,0,0,1,3.4,75.8
2.2,88.2,82.9,4.2,1,1,0,1,1,3.5,67.1
6.2,84.9,56.1,5.8,0,1,0,1,0,2.3,79.4
3.7,76.3,96.5,5.7,0,0,0,1,0,4.0,71.5
4.0,69.9,57.1,5.6,0,1,0,1,0,3.1,71.1
2.3,69.4,65.5,5.6,1,1,1,0,1,4.2,60.2
3.2,86.4,54.9,5.7,0,1,0,0,1,4.2,65.2
2.4,94.7,68.3,6.0,1,0,1,2,0,2.1,79.5
3.7,72.4,38.9,5.7,1,1,0,1,1,3.2,66.1
7.1,85.5,56.8,6.8,0,1,0,3,1,4.2,95.2
1.5,55.0,48.6,7.0,1,1,0,2,0,6.4,48.7
1.1,73.0,67.0,5.3,1,1,0,0,1,4.5,53.7
6.6,79.6,79.9,8.2,1,1,0,2,1,2.7,93.4
3.6,69.1,74.7,5.2,1,1,0,0,1,4.8,67.3
2.8,68.8,29.4,4.4,0,0,0,2,1,7.4,48.3
5.9,72.0,95.6,7.0,1,1,0,3,1,5.8,90.5
2.9,83.5,69.4,5.4,0,0,0,1,1,5.1,66.4
7.3,77.8,53.4,6.9,1,1,0,2,1,5.5,75.6
5.2,53.1,67.4,3.4,1,1,1,0,1,6.9,68.4
3.1,54.6,67.6,8.3,1,1,1,1,1,6.2,65.8
7.9,72.7,55.0,7.4,0,1,0,3,1,5.1,93.7
2.9,85.5,68.0,4.5,0,0,0,0,1,6.1,62.0
5.3,47.0,55.9,4.6,0,1,1,1,0,1.8,55.0
4.5,74.0,58.9,8.7,0,0,0,1,1,1.0,73.3
6.3,73.7,54.7,5.5,0,1,1,2,1,4.3,79.8
6.8,96.7,43.5,5.4,0,0,0,1,1,4.1,85.2
4.1,75.4,67.2,3.6,0,1,1,3,0,2.9,63.1
2.6,84.6,73.8,6.0,1,1,0,0,0,5.7,65.6
4.8,81.7,72.7,6.2,0,1,1,1,1,0.3,89.8
2.8,54.4,77.3,7.4,1,0,0,2,0,2.9,60.3
7.6,89.2,69.9,4.7,1,0,0,0,1,3.0,89.8
4.2,82.6,57.0,4.5,0,0,0,2,1,0.7,70.8
3.3,86.1,77.6,7.1,1,1,0,0,1,7.0,67.6
4.3,100.0,44.6,7.8,0,1,1,0,0,1.3,75.9
1.6,55.0,51.5,4.5,1,1,0,0,0,2.8,42.0
2.3,100.0,50.5,7.9,0,1,1,3,0,5.8,76.7
6.2,76.6,81.2,6.5,0,1,0,1,0,5.3,77.3
2.8,83.4,79.1,7.9,1,1,1,2,1,1.8,79.0
2.1,79.5,72.3,6.4,0,1,0,1,1,5.4,75.7
5.0,74.9,81.1,3.2,1,1,1,1,0,4.6,83.5
6.1,73.2,51.8,6.3,0,0,1,1,0,8.7,56.4
5.3,84.0,70.2,7.9,0,1,0,3,0,4.8,79.2
5.8,61.8,63.1,5.3,0,1,1,2,1,3.7,79.3
2.6,89.0,77.7,6.0,0,1,1,2,1,2.3,82.8
1.4,75.0,63.3,6.3,0,1,0,0,1,2.5,50.4
6.7,66.4,59.2,3.0,0,1,0,1,1,2.3,83.1
3.4,74.6,73.1,8.7,0,1,0,1,1,6.7,74.8
3.5,95.1,78.1,5.3,1,1,1,3,1,4.0,90.5
6.4,73.6,55.0,7.2,0,1,0,1,0,5.1,82.8
5.0,84.3,64.1,6.4,1,1,0,1,1,7.0,78.6
4.8,71.2,49.1,8.1,0,1,0,1,0,0.0,75.6
7.9,89.1,27.5,7.0,1,1,0,0,1,6.6,87.1
2.8,88.2,68.0,6.2,0,1,1,0,0,4.1,76.1
5.7,100.0,74.1,5.3,0,1,1,3,1,4.9,89.7
4.1,77.9,68.9,7.5,0,1,0,1,0,2.3,78.4
4.5,88.0,35.8,4.1,0,1,0,3,1,2.5,68.8
6.8,81.2,59.7,7.3,1,1,1,2,1,5.0,92.8
4.9,95.6,31.7,5.1,0,0,0,1,1,8.8,65.3
5.0,71.4,85.5,8.1,1,1,0,1,1,6.0,72.6
5.9,88.9,48.7,6.7,0,0,0,0,1,6.5,71.2
3.3,77.7,83.8,7.3,0,1,0,3,1,3.6,82.2
2.5,79.2,79.2,6.6,1,1,0,1,1,2.8,71.2
2.1,81.1,51.5,4.2,0,1,1,1,0,2.4,63.2
0.5,83.0,48.0,5.4,1,0,0,1,1,3.0,58.6
7.7,78.6,70.3,7.4,0,1,1,1,1,0.0,98.6
2.0,82.6,52.3,6.7,1,1,0,1,1,2.6,66.5
3.6,98.9,66.5,8.0,0,1,0,1,1,2.9,89.7
3.5,91.8,57.8,7.0,1,0,1,2,1,3.6,81.4
4.6,90.4,38.3,5.2,1,1,0,2,1,4.3,74.2
5.5,74.5,31.5,5.5,0,1,0,1,1,4.7,59.5
5.5,69.3,68.4,6.6,0,0,0,1,1,4.0,78.7
3.0,91.5,56.6,3.5,0,1,0,3,0,2.8,72.4
3.7,90.5,56.7,8.7,1,1,1,0,0,0.1,87.9
4.5,97.7,75.4,7.1,0,1,0,3,1,2.8,91.3
3.6,72.8,82.6,8.1,0,1,1,0,1,2.1,68.2
6.9,77.2,60.9,4.4,0,1,0,2,1,4.9,71.4
4.9,60.3,59.9,8.1,0,1,0,1,0,5.8,69.6
5.3,75.3,72.5,9.4,1,1,1,1,1,5.9,80.8
5.2,92.0,44.6,4.8,1,1,1,3,1,5.5,83.8
6.1,74.4,68.3,7.5,0,0,0,0,1,3.7,78.8
4.3,87.7,73.3,6.5,1,1,0,1,1,3.0,81.2
1.7,77.7,75.2,4.5,0,1,0,1,1,2.5,64.7
4.7,83.9,35.9,7.1,0,1,0,2,0,1.0,67.6
2.8,66.2,53.6,7.6,0,1,1,0,1,6.0,59.0
3.0,81.0,51.8,5.7,1,1,1,2,1,3.7,67.8
5.1,44.1,66.5,8.0,1,1,0,1,1,1.5,69.6
6.2,77.8,72.2,4.3,1,0,1,0,0,2.3,79.2
4.0,60.4,87.5,4.6,0,1,0,2,1,2.3,73.8
4.6,94.5,57.6,6.7,0,1,0,0,0,4.1,79.2
7.1,89.3,57.5,6.5,0,1,0,1,1,6.1,83.5
4.4,85.6,82.2,5.6,1,0,1,0,0,3.3,85.6
8.7,98.3,69.4,7.6,1,1,1,1,0,0.0,100.0
5.0,68.6,84.0,7.2,1,0,0,2,0,3.6,84.5
0.8,100.0,69.3,7.6,0,1,0,1,0,3.7,70.1
5.4,91.2,47.6,6.3,0,0,1,1,0,3.6,78.3
4.7,77.2,45.0,7.3,0,1,0,1,1,2.7,76.7
6.3,93.6,41.7,5.9,0,1,0,0,0,4.4,75.0
5.2,66.7,74.9,9.2,0,1,1,1,1,4.1,88.1
3.8,70.1,82.8,5.4,0,1,1,3,0,4.0,81.4
1.8,72.7,92.7,9.2,0,1,0,3,1,4.8,73.6
3.6,73.7,77.6,6.5,1,1,0,0,1,3.1,78.7
2.5,67.3,82.4,4.7,1,1,0,0,0,3.0,64.1
3.0,94.7,56.3,8.3,0,1,0,3,1,6.8,73.4
5.1,76.9,47.7,6.7,0,1,1,1,0,5.1,67.7
7.0,84.2,77.8,7.6,0,1,0,1,1,5.7,90.9
4.7,73.2,71.3,8.1,1,1,1,2,1,6.5,86.6
1.8,58.2,66.6,6.9,1,1,0,1,0,5.1,59.9
4.8,83.2,70.8,5.7,1,1,0,1,1,5.9,79.4
6.2,57.1,69.8,7.8,1,0,0,3,0,0.8,86.2
2.9,79.2,84.3,6.5,0,1,1,2,1,4.4,86.2
3.8,63.6,84.4,7.4,0,1,0,0,1,3.6,70.6
4.0,100.0,73.2,3.7,0,1,0,0,1,7.4,66.0
2.6,90.9,77.7,7.1,0,1,0,0,1,5.9,78.5
5.2,81.3,72.7,5.7,1,1,0,2,0,2.7,79.6
3.8,95.2,58.1,8.6,0,1,0,1,0,4.7,70.1
4.8,69.8,76.3,7.3,0,1,0,0,0,4.3,61.1
2.4,86.5,44.1,6.8,0,0,0,3,1,4.9,67.2
3.2,82.4,80.8,7.1,1,1,0,0,0,2.0,65.5
5.3,83.2,47.1,5.2,0,1,0,0,1,4.7,65.1
3.3,95.3,69.3,8.6,1,0,0,0,1,3.5,80.4
7.1,88.8,52.3,9.1,0,1,0,0,0,4.6,87.0
3.3,83.5,73.3,7.0,0,1,0,1,1,2.6,72.2
4.4,60.1,64.5,8.6,0,1,0,3,1,2.8,75.0
5.7,68.5,41.1,5.8,1,1,1,3,1,6.3,68.8
1.4,78.5,71.3,5.5,0,1,0,1,1,1.9,61.7
0.8,81.1,56.3,6.6,1,1,0,1,1,2.0,63.1
1.3,66.4,78.2,7.1,0,1,0,1,1,3.9,58.6
6.3,100.0,65.0,6.0,0,1,1,0,1,2.5,90.3
3.0,98.2,70.9,7.2,1,0,1,0,1,2.2,71.5
8.6,87.2,50.6,6.9,0,1,0,3,0,4.2,99.3
3.0,80.9,56.2,5.2,1,0,0,0,1,1.0,69.3
4.3,77.5,58.1,7.2,1,1,0,0,0,2.0,76.2
6.8,68.6,77.9,7.6,0,1,1,1,0,8.1,88.7
7.6,80.9,90.2,6.7,1,1,1,1,1,4.9,94.5
7.7,83.1,52.9,8.0,0,1,0,0,1,2.5,85.2
6.2,65.1,81.2,4.9,0,1,1,0,1,4.8,68.5
5.8,84.0,32.5,7.1,0,1,1,1,0,5.1,90.7
5.1,78.1,47.1,5.0,1,1,0,2,1,6.0,70.1
